-- phpMyAdmin SQL Dump
-- version 5.0.4
-- https://www.phpmyadmin.net/
--
-- Servidor: 127.0.0.1
-- Tiempo de generaci贸n: 01-04-2021 a las 22:39:21
-- Versi贸n del servidor: 10.4.17-MariaDB
-- Versi贸n de PHP: 8.0.2

SET SQL_MODE = "NO_AUTO_VALUE_ON_ZERO";
START TRANSACTION;
SET time_zone = "+00:00";


/*!40101 SET @OLD_CHARACTER_SET_CLIENT=@@CHARACTER_SET_CLIENT */;
/*!40101 SET @OLD_CHARACTER_SET_RESULTS=@@CHARACTER_SET_RESULTS */;
/*!40101 SET @OLD_COLLATION_CONNECTION=@@COLLATION_CONNECTION */;
/*!40101 SET NAMES utf8mb4 */;

--
-- Base de datos: `helpdeskwemac`
--

-- --------------------------------------------------------

--
-- Estructura de tabla para la tabla `td_ticketdetalle`
--

CREATE TABLE `td_ticketdetalle` (
  `ticked_id` int(11) NOT NULL,
  `tick_id` int(11) NOT NULL,
  `usu_id` int(11) NOT NULL,
  `ticked_descrip` mediumtext COLLATE utf8mb4_spanish2_ci NOT NULL,
  `fecth_crea` datetime NOT NULL,
  `est` int(11) NOT NULL
) ENGINE=InnoDB DEFAULT CHARSET=utf8mb4 COLLATE=utf8mb4_spanish2_ci;

--
-- Volcado de datos para la tabla `td_ticketdetalle`
--

INSERT INTO `td_ticketdetalle` (`ticked_id`, `tick_id`, `usu_id`, `ticked_descrip`, `fecth_crea`, `est`) VALUES
(1, 3, 2, 'te respondo', '2021-03-17 23:23:59', 1),
(2, 3, 1, 'soy el usuario respondiendo', '2021-03-17 23:24:52', 1),
(3, 2, 2, 'para resolver tu problema reinicia tu equipo', '2021-03-25 23:25:47', 1),
(4, 3, 1, 'si con eso se resolvioel problema', '2021-03-31 23:26:59', 1),
(5, 3, 2, 'muchas gracias por su confirmacion', '2021-03-31 23:27:55', 1),
(6, 3, 1, 'soy el usuario respondiendot ikcte2', '2021-03-17 23:24:52', 1),
(7, 2, 1, 'soy el usuario respondiendo', '2021-03-17 23:24:52', 1),
(8, 2, 2, 'soy el usuario respondiendot ikcte2', '2021-03-17 23:24:52', 1),
(9, 2, 1, '<p>nose jajajaj</p><p><img src=\"data:image/png;base64,iVBORw0KGgoAAAANSUhEUgAAAHYAAACYCAYAAAAx6R3jAAAOvklEQVR4Ae2d36sdVxXH77/gsy+GFn+Voqa01tAYMWnFFkRDS1M06lPFxh9NURNLScUmDxKjjbbaWkxqS9pirUqDSJVSCg1iqxKRQETEB1P1RTCooL6MfE78Hr933Zk558ycc2fmnFUY9p6911p7rfVd3z1zz0wzaxcvXizisXv37uJNb75yJY/t27cvRdxrEVTOE9jhF3VjYI8fP140Pea1G1y3/V3Fx+/YVxw6dGjkCy3njDddY+UZC6ievHjuc96fVs51yvp7936ktrCYL9ObNJbAdgjs3g//H9Rb99xWvOWtV41AhKk+R38SkHE+ga0BlmTHhOm8LWMBDxs62H4FrNbYufOG8fys2/IswN5///Fiz20frIxV/nTRtrrGusMOGP0DBw8W17z9HRuCdjnXn7Z/x75PjECjePzaGsGVHO20tpFLYGsYKzbRxmtdW2AFJkBy6DwyV6xlfBHAwtZTp06NjkceeWS0BuzVGC03clpb55o/fOTIeE4y82wXxlgH11nTFljZVRKqwGW3iLLSqWubMnbX9e8ZgUor+4CorZq+g+lzkp9nu3Bg4w1MW2DFUN/my8BdNGMBwa+xsNOBY/7gwc+PDvoA6cD5nI/Pq78wYA8cWOw1NhZMBHf//rtGjPXdYpqkNWVsFbDajsuA1dw0fs0qsxBgN+uuGFZ6wA6utuFF3hXDUIFTtRVrawbYOlmPYx79hQBb51jbrRjb/rcqydq564bRjRStmMo6kdV1fmluFsayNoBV3Tzp+opt5CgEWgdZ6867HSSwJMHBFTu9bQIqdmcBdhYwAHMW+bayrYD1RM7Sb+u09NlmuYbqhoqW81m3X9mjXXlgPRnL1E9gV/R57VCKuPFWPJQAV9XPBHZJd54ENoEd/usiq7QtVzKW957yGG4OKoF93ZbLizyGm4MEdkkLOIFNYIe7La3iJSUZm4xNxg6J+cnYZOxyMHbHjncXzz33k+LTd+7f8OfcfYePFM8+e3rDeFOmnjhxsuCYRb+JTpn9XjC2LtnRaZL/wgsvFOjEuWnO69baLGCr1vnA7ptHsdFOimVSHjoHliBefvnldZVN1Z469URx9uzZ4ty5cxtYxHwZuIwjz4FNTxBM1Bx2xVhareNrUQCsIR1nsnzWHOsKCBKucVqfQ4bz6Jt0mXN5+k3ygL1OgVWCSIaCi8ErwVGGc08QtgDCwZRNEiRgnLHInjlzZgwyNiXnfdlRGwHQOEWCPfkQ5TgvK0j03S/ZQ14xTpsH6XYGLEnAaTFHDtGWJYQxl6FP8sU+Ba5zycaE+XkEz8/F5DIgkIONKgKtVec3slFeeoolztfZi7ox7s6AxTEqG3BJlDsaAyLgCCw6qmbXjQA7kMj5uQPJXDxnbBaAo99l52WF4j55LFF/ljx0CixBCFwHzgOK2yU6zJclyJNCElQwnhB0Vd2Apq1TfiDrduQj6yET57DBXTbgsJ78UkF4XOhyHgvSbbh9ZKU/ax46B5ZAYsUSjN+ACCBkPXmeBCVSekowMj7HzYj/uQOQ6JDsB7/xzfF2GX1QgrEnHa0l/4iDdRmnZS3Xk7/IewHRlw3J0EYfXIa+x+h69HsBbHSKgMoSEuWW4byKrcTWJg8JbI9/eVo6YJeBiV3H0EvGdp2UZVg/ge3xVtymwCqBvf2WtSKP4eagEtirrlgr8hhuDhLYJS3gBDaBHe62tIqXlLkw9lePrhUcq5jAvsbcGti7P7pW/PP5Swf9vgY6VL9uee9riz/97Gjx4pOfmim3rYE9/9Ra8ccfXDroT5vAx4/dWhS/PzE+zv/0C1Prlq2BvtujT0JITJn8pDH3b9ak1tnGlvycJuYqYN0OvsY1WwELQwFV/9GflrU444HR9/Po6LTnBDwPO1oPexw6b9Pu+9AVo2KjbWPHdYl17sD+7rsbgWXMF67qR2C/fPD64q+/vL9Q0DisylZiowy2Y2BlwKrqoz308UPjf//Ng+P15XcZsPiIrPTkn3SqWvz/w4tHNuwiHqv74L5VrRHjV0yNGatr659PrxX/+dffRgd9rrfTsDYCS7IAluA9mQIFeZz2QNBhu1UxMI8uMp5czpUYtxcLhTXi9u2+yGbZmObK2lgIFMS/z39rFGuUj3lhvm49zweyKp7GwMJMQPzH82vFhXOPjg76jE3D2hiAgD35pZtHyRUb1ApY1/O+EkQSHFiAhCUE7DLIRf2qQkFWurTo4Zev4/NVfSUdn1wG+4qzzC7z0QfpR2BlqxGwYquABVAdjHFMYm1Mqthz+K53bgBCQdCSFIIBhF//6O51gDFPYJ7wRQArf2YFuAxYxth+abEb86KYZgEW2UbAiq0AGG+eBOwk1noAJN9v6SM4SqRa5n984vYRgGXV78Ciw7kSo22R9VVMjCmB02zF8oO2DCyf936ZrPugPET/8V3+uz36yBKLxmWvEbAvPbxW/OX0pePCD9eK3z516aCv8Zceqr+JwhnfftxxBah5v6EgAJznGuU6CoyxmBiBKXuuR1/jvo6Pa14JxL7GaDUuH6raMmCRlT1i+vn3PzP2fxYf/JqNXiNgqxzP8fpi3sz8JLD5EKA/1biZlT/UtZKxydhk7JDYm4xNxvaDsffe88ni6aefHh37Pvb+8d9ve/dcVzzw9aPFjmtfMx5ryzDW4qiz4+vSf/KJU2P/HvvOieLGXVtq9etst5kbLGO/euy+og/Auh8OMqAwx9EGoKa6nQILux5+6GvjChc7YuVr3IP0hDKupMJaGO1sqVoHPYpDOwBsw05cn3nNuQ9aU7tEPMc28Wken7WWYmIOn4988bOlc54fLxJ2AmKUPRU5PiDXKbA4oAA9Yd5X4Djs4+gqGMaZJ/my57a9jz2ShW6Vba2DLdnTmLdxPgLr67ps9AF/kMU2gHFOi48a93VdXzonvv3QuqLsDFgPwJ2Wo16NZWwh4AisX2OVyDLwNMda2KHq3Zb8cTmNqS3zX8UlFgkUAaFxtZOKS/YAGht1aysfKq5eAouTnhQAw2EFRqtANKaAlACBMglY6WMvAiwbkvG2bC76IPkyH6aZkwx2KW4BXFZUyod86AxYgsVREqQA1OKkxqnqNozFptsjKewG0zAUH9CVX2qrgFJSmZes2lltSU+tg6ncKQbWffyxk+OtGCJ0BiwOK8namgSmKpRxnHTGkmjJ0wr0mFRsyV7VOnHcb7iif1qHcRJaBnj0QaDQCgz5rrWqigQd/Jc8reJhznPEnIPcObAe+FD6dUD0KYbOGOuVmP1LP7jMMw+dAdun6l5GXxLY/K24H78VLyO7FhFTMjYZO0zG8mJc1XvFZS+L8ULbA/fetO5Nf724hjzs0stncXwRzGtqc+kZWwesksZbhvG1U+b0tmR8CxFgNcabh/5esGx23XYKrP/YoD/YSQh/iPO0gx8F+BMg/hig10+V3LokLhrYKvDLfHKmi/3yj9dO4w5AfOw2FB1z/npsfKVWuWAc+U6B9eD91xyAFdD6xUa/rKAzK7BKjBJHq8Rij6S0Yaz/z2Qek/dZT2t6MagP6MgLGFr8iu8LY0M6Dqb+vycB3imw8SczMZNxDiUmnmt8mlaMoBgk70lmrAmwKhJPvOzHVkBIRy3rlvknfeYFuMZoHXyN6/Kguc6A5bdO/XA9ctZ+f41AArgDrWCmacsSNw9gxZamPkivzD/NDRZYHg7zQ7y22zLGMq+HyAp41q246q5Y9khg061YNia1FFMZ+5oAiw7+qrjIh27gOmcsiQBIbo64SeJmyYH13039+oreEIEVGNqGdSPUBFjPgewJ5F4AW1XlcSuuksvx6t8WOrvGOiO9D1gOrM/ddP1l4xugBLUaVHLTGbAJTD0wbfOTwOZvxYutsLYVmvrr8alkbP5bxcP9t4rBrhLYNv+6dep2/+XOBHbV/un4ZF33rGuDQTI2GTvsCm5T/UPUTcb+73t58UOCQwTTfU5gGwKrDxf29Rt8CeyM11h9cVJflExgQwJJCJ/75FuutHwyU9uhfxaUT3bG5HGuT3zqU5vxq47ISA8QtAZ6Wkcg+ZhvZ5P6sFZrTJLd7PnOGEtCSDBJB9xjx76y7ruuSkT8tmzVd1MnAauPAWPXQeecj+5SIGUf/pUfZW0CG9jqyRUgJFUf7KUP6GKlg1L1EV3ZoRDcPn1tm2XgMJbAlgBUlaxJ42KNAHFgAY8DG5GxCex0f3Z2uhUDbhWwzAGstmrkOGdc11UvHub1vXX6sNxtqFBcR/1k7CYxVsCwFbM9a4sWEICkbdpB1jjb+PeeeWYisHHLx6bb03qx1TrywS8VUbar884Y21XAq7JuAjvHXahPRZPAJrDT3Y31qWpX2Zdk7Koxdtu2bUUew81BMnbVGLvK16dliD0Zm4zNu+IhMTkZm4xdXsbyoEEP34fEyjpfk7EN3nnyhwd9fAAA4Alsg62Yx4GwnARWPUasY9NmzHUGLAnhcRwVT8vjMm2H/tiOR2N6rqqEcK5HZnrMhg52qt6g0BroaR1k0fcxrTFtG9edVm/Rcp0CS4L1IH2I7zwBDkVW9xB/0QBW2e8UWJKiivdXY/waBpv8OkYStQ16ULJTxdi65LMezKV1m5P6fb7p6iWwgCAg+vrOk3YaCmpSAXQx31tgdV2NCWRc11VPGAnerHeeWIvLSF9BJS+9BJaEsf2yDXPTw+FJhM3McTjIGifpi3rnyW+45ANt2eXBC2+z+50Bu9mBrtp6CWyDv2OHUCQJbAK7vL8VD4GBs/pYydh8LWa4r8WAXSWws1ZIyvdrR0tg8xrbr4rMHaIej2RsMra+QpJB/cpPMjYZW16RV7zvaHH51ht7+YRjlXeRVozd8oa3FVcfeLW4+nMXEtyeMb8VsDACcLfu+8UI3Ndfe2sytycAtwbWwb3mnovFG3f188Hzqm3LcwT2lSKBLb8P6aKoWgN72ZXbi637Xhlda3MrXhJgxzdPB17Nm6eeXFu1O7RmbP650x+WClTa1sC6sez3B+QEtmdb6LzIkcAmsP3ZZuZV1ctsJxmbjE3GDonhydhkbDJ2SIz9L4/uQwz3Uor+AAAAAElFTkSuQmCC\" alt=\"\"><br></p>', '2021-03-31 10:48:54', 1),
(10, 2, 1, '<p>alguna novedad pollito</p>', '2021-03-31 10:55:04', 1),
(11, 2, 1, '<p>tirate ujn paso pollito</p>', '2021-03-31 10:55:30', 1),
(12, 2, 1, '<p>esat foto</p><p><img src=\"data:image/png;base64,iVBORw0KGgoAAAANSUhEUgAAAFMAAAAwCAYAAABt0kb0AAAGlUlEQVRoBe2aTWwbRRTHU++HQ5IKiQttBUjcuAOFw846/l473sZO03zUrZQb5NhDEYEDBw5IiEiA+BBIQVzoBVUcuFAJCQ4IwaVckQAJxKUCIRAIiSKVP3qz+9az4/XaaezGcX14mp3dWWf9m//7v9mJZ5b8BgaJXH4RwhUTEC6EO5qYGQRksVyaAIgshNGApAnqC9OreRMEkoEqrRAQFENQa1+YhWJhCnNA0H1hLk6MVypqVL3/TipzMopOD5AEdQozBY6quts6vv0C1TfNh6HMnCvgCueIeO+YwxzGhNy5zxhjmKTIt6pVPFdKXqs6Y6fYMYTJaX25WAAuXMD1M2e6Un3xICAvlrF9rYlLYWztjMpHB4c7Os8UDvLCwVeNBv7Z2MDnfgOC4IUAX6mU8X2rhfXF3L69tLzbwKVrHnylwPi7ZZSV/vBs4ZBh5kJgb1Yr+HN1FX+vreF9L3yTEg7O5Fz8sLwMnD+Pl6sVCZPv6Q+hgC0NZP97DqLaw4QZgny2VMRvKyu40Wrhj9VVPKO8Sb1breKvc+ck5NerVQlz4JTf8XBpr/dbGal2e7eMLUr/cJy/17GD7V3OhBzWrnbO89j4xNCYBtYuMtBFpR9OKj1PaDUjSfMXyyWpul9XVvBLq4Wfmk00c65M8ZVcDj82mxLyv+vreKNa6fLS+BeKqyqAxUDi1+g+3QIIZMdPGY5+X7/zvWDyhLkQO17/jY60L9br2uViEVfqdXzmN3BzfR1f+j5orUnjP/A8/Nxs4tNGA/+123g7VGYt56I0iOcNpEyGralPL1aKqkhdHegMmyH3gkm+zdcKo4HJkL/wfWBzEx/WaxLkVn4RNzc28FqljHe8Km612/ioXsdThbys9k8X8nIc35/YyioeLz7quLhyGQbDUVoCebVTtOIK5nF8PwNLSPORwxQOPFfgu2YTtzY3sUfFRzj4ZnkZN1ZXpQJ3SkUJ+vezZ6UlXPf9gaux9EAFhHBzWNsLwMRhCsixCR4r7SA6T/6XpMzg/u1d2hh3IeREsodyIWTQI1Rm0RX4dnlZFpqvfR+fNJYktBfCjeaCK+RintR7pVZDK8epyapIbwNv5AJCXzAYr8OUoNVCE60EAoBB8fCwFfNW5W+r69mrHraignSnYIYV/UrNkwDJN9FuY88LKjcv6NX0PDrHrMTudiTVnMFQqr/nefi4sYTnE14nGapswwnge8e37YbIu/QjhTm+QJQ0HmQFERtzSDBpE4NVx0uj8QOsw9FA8+YxtzGwAq7rRnEXKlOHp/c1mNHSh8bp15SdeiHS15m1pXryByR96JE5p8PbTz+EySqVbbh5I5x0mJWw+ibOyJGBl6Cm2LP3gSkEHCXof0ZB34HjOCAr40hN89JE/PggCZaiME5jVhuBjoARuA4seUwAlYi2FdOUWW8swaXNidgs9pvlcbzeB2YMXAhPgZUKk5ZzSvRUZrFUnACQNLkMM14sKFUDBaYrrwumptS+MKuT9JOYCJqSsqry+JghcZ9aqVoNNo8L21SYB/dJVoLaqh7FVhBeZ68asKV1XUdtwRov+iFBwmeo/nbgYw2k7qEztPwhJZYrZQznpzDxLxvzXPqykQf3gKnBisAlgVLPOSJWGA4MTlUoH/eDaWVtTKM3AzubxaAxMwXZGySxGRQkjZvC3GdmpsGdwpzCTE/NUVrXVJn7VF/aZExhpsDU4XSBtG1Ytg3TtmTo12fvyYLjrvNMHZ7e12HZs52lkX6N+rZtRTGFuY91ZARTKtWGaVkwTSOKuw5mBCRMfV2Zep+AGZYZBfczpoGMYcAwOzHxMCM4lK5hykZAbTs4N5uVvkjeSNcYGEGU0AgchxFAJJAUo1XmnIWTpxdkRA+dUgBGMSb6+3NWBEuCTIBpWXakOsMM4B0zMjiWyYDaCGISTCXFswvGkN+AQpAP5e89dJj8DPZc8EooJ02pygb5nWUlwpIge8FkqGFLyjz15Dycl04NEaYOcs46vA0U5VlOPL4Ac9YEq448jlNUKo/TliFxX/phd5qrHknHBDL/6gMyhuOZysOfPH0crAb2qyiVQ0+ifnQtXMdJv9KOSTn6+ezsbHQvfUaWqjF5H90rq6sJ0zRhZg2ceGweD+aO4/5H52DYGRgEqCvofO/IqNeUYkMg7QVDKpJgnnxifgjKjIFcgD3fMXXyqQgk+eYAMBmy3upQZZEwTQlQQjRMCSqTySAK65gEmQ60N0iCnAbz4fq9UpGPtO+Tav8fhvMCHu1Y2PUAAAAASUVORK5CYII=\" alt=\"\"><br></p>', '2021-03-31 10:56:00', 1),
(13, 2, 2, '<p>si dans unos momento carajo</p>', '2021-03-31 10:57:28', 1),
(14, 5, 1, '<p>esta ,alogrado leydido ayudame</p>', '2021-03-31 14:41:32', 1),
(15, 5, 2, '<p>bueno soy leydydi de soporte te ayudare macuri pero no jodas mucho porfa estoy cansado</p>', '2021-03-31 14:42:38', 1),
(16, 8, 2, '<p>YA TE SOLUCIONARE TU NEGRONI</p>', '2021-03-31 14:51:00', 1),
(17, 8, 2, '<p>no jodas porfavor</p>', '2021-03-31 14:51:09', 1),
(18, 5, 2, '<p>escuchame macuri</p>', '2021-03-31 15:03:58', 1),
(19, 7, 2, '<p>estas en la 7 macuri no jodas&nbsp;&nbsp;&nbsp;&nbsp;</p><p><br></p>', '2021-03-31 15:06:21', 1),
(20, 7, 2, 'Ticket Cerrado', '2021-03-31 15:06:26', 1),
(21, 15, 1, 'Ticket Cerrado', '2021-04-01 12:18:15', 1);

-- --------------------------------------------------------

--
-- Estructura de tabla para la tabla `tm_categoria`
--

CREATE TABLE `tm_categoria` (
  `cat_id` int(11) NOT NULL,
  `cat_nom` varchar(150) COLLATE utf8mb4_spanish2_ci NOT NULL,
  `est` int(11) NOT NULL
) ENGINE=InnoDB DEFAULT CHARSET=utf8mb4 COLLATE=utf8mb4_spanish2_ci;

--
-- Volcado de datos para la tabla `tm_categoria`
--

INSERT INTO `tm_categoria` (`cat_id`, `cat_nom`, `est`) VALUES
(1, 'Hardware', 1),
(2, 'software', 1),
(3, 'Incidencia', 1),
(4, 'petici贸n de servicio', 1);

-- --------------------------------------------------------

--
-- Estructura de tabla para la tabla `tm_ticket`
--

CREATE TABLE `tm_ticket` (
  `tick_id` int(11) NOT NULL,
  `usu_id` int(11) NOT NULL,
  `cat_id` int(11) NOT NULL,
  `tick_titulo` varchar(250) COLLATE utf8mb4_spanish2_ci NOT NULL,
  `tick_descrip` mediumtext COLLATE utf8mb4_spanish2_ci NOT NULL,
  `tick_estado` varchar(15) COLLATE utf8mb4_spanish2_ci NOT NULL,
  `fech_crea` datetime DEFAULT NULL,
  `est` int(11) NOT NULL
) ENGINE=InnoDB DEFAULT CHARSET=utf8mb4 COLLATE=utf8mb4_spanish2_ci;

--
-- Volcado de datos para la tabla `tm_ticket`
--

INSERT INTO `tm_ticket` (`tick_id`, `usu_id`, `cat_id`, `tick_titulo`, `tick_descrip`, `tick_estado`, `fech_crea`, `est`) VALUES
(2, 1, 3, 'macuri', '<p>sddssd</p>', 'abierto', '2021-03-09 17:54:15', 1),
(3, 1, 4, 'asdad', '<p>assasa</p>', 'abierto', '2021-03-22 17:54:18', 1),
(4, 1, 4, 'macuri', '<p>sdds</p>', 'Cerrado', '2021-03-09 17:54:22', 1),
(5, 1, 1, 'asdasda', '<p>asdsadas</p>', 'Cerrado', '2021-03-09 17:54:25', 1),
(6, 1, 1, 'asdad', '<p>edsdsd</p>', 'Cerrado', '2021-03-27 17:54:28', 1),
(7, 1, 4, 'asdasda', '<p>saddasdas</p>', 'Cerrado', '2021-03-28 17:54:32', 1),
(8, 4, 3, 'negroni', '<p>sadads</p>', 'Cerrado', '2021-03-29 17:57:22', 1),
(9, 4, 1, 'titulo de ejemplo', '<p>tengo este orror en esl sitema porfavor su apoyo</p><p><img src=\"data:image/png;base64,iVBORw0KGgoAAAANSUhEUgAAAdoAAABFCAYAAADtoyeNAAAgAElEQVR4Aey9Z3dc55Xv6dvdd9wOkkgiVNXJqQIKORI5AyQAAiQIEoEgAWYw55wpZlGkRJESJVGkAiVZOThJbsuy2+0O7nXv7Znba82amRfzbj7Hb9Z+Th0Skukg2X27e5kvzjpVJzz57P9Oz97fME2Dr3pYlqnesRyTlvZahodbOXd2hrNnprjw+Cp+9N5VBppbcL5Tzpaundxce5LeoAJLS6DZCXQzjq7HsPQElq5hmzp6Ik7W0WlOxrm4YZhz0/3s66/mlX0rWd1WToWdYEFVEc/vW8vhsR7aMzqtFWnaa0qodmMcGO/njVM72NKa5ujCLG8dX8/6kX5sLUFl4HB03TgXZkZZUKxT6cVJOjq6ESehJTBNC1MzsTULz/QI4nFmBpp48dA6OktS1Lo2Z9aOcHF6gOXlHk/vXMfx1cMsyOosq83w3KFt7BntY6KphJv717OmpYQb2yY5uriRQ4MNnN8wzvzAIjA0LNPENkzVZ9NKoFtxTEsjo5XTkFjAhVVnObB4irKEgWM7JCyX8qo61kyvYmhhF75t4bg+8xIJuhc2ceuZA7x2fS8vPX2E1qYK5hQ+xpKJPn7001scOz7GirFKXrt9hFs3j1NcZBEENpnSBEePrOTDlx6nv8qjPGmT0YtpsxdwfsUp9g+uolJ30a0Uf+3VUD11hFPv/Iq21XtJDq3n0N2fceHVz4gXL2Ds8C2ufv7/UbfpGk0bL3Dlvc9Ze/AMj7kVzCtpY/r8Hfbd+B5lLX342Vq0ZB3xxuUc+eh/sv7WpySXzbDy0g0uvPM+LYMLSBgF2KkUvf2L2Lh2isa6ahK2xzedElq3HufsR39L95qtONX1zO/tx6xsIK+mmwOvfMqBN39JcmIfY2ee4el3vsfQ1Ch/ods4HUs48eoPWbH/PEa2mlS2DNvx0HWThGZhGAaaHke3HPKsLN9NtzN29BbHr7+PVtzFtzL97H7uUyYPXSFoW8yldz5n4sQN8uqGqFuxk1Nv/oTB/U+z6uy7jJ98i8ap85y6/Wsahg5w5MrrrNy2nzlxk4xZQW1BB4eHjnNsYhvVroNlaiR8l1R5JUvHxlg2sphM0sUydGzL+srf5lf9lh8+/9Xp38MxezhmX3UNfOOrvRACrG1bWLaB7RusWrOUDz54lr/7/A7/9Ivb/OSjZzh5YA1VmSzOvBIGi4Z5acMTTM9fhB/XMAVYzDiOreFaGq6tYduaKi9wNEqMORyaWszOpT2sbq/i8pYVtBeZePE8agKbzQPtvHhoC88e3MKlfVuZHh6gytOZ7m3izokd3D6whlcOrOLu4zuYGu7DNnSKHJPpgU5uHd/Oi0e3cmxmJR31VRgC8LaN5TjYpoNveQRWQEo3WD/YzvWDM7SUFFHhOhyeWsqJqSFa3DgbBzq4eWQLLxzayJ2jW7m0dTULK7Isaajg0s61TLRUcGHLKvaNdLJzSSvH1o9RFZi4poFl2QpoHVNXAGtYOpZpUxKvYFnxKNdmLrK8oZtUPEHg+5hOikVDy/nxD77P1QunKc0ksU0bw/RIJh2O75/mV5/e5vDOVaQDg7iVoKWnnjt3L/D++0/wzhtn+fzTWzz3zAmK0jaDQ/3cevkqn3xyi3/+2V1+8MoVNk0vp8jIUFXQxK7unVydOkx3shrbSDInqCHRNMa26+9z6b2fc+LuJzzx/i85ffN9EtkuWiYOc+HDf+X4m7/m1N2f8dKPfsn6vYdJ+CXkJ2vpXHOYJ97+Odfe+CEXr9+hsXuYeaU9rHnyPc5+9M8ceeVDrnz8U86/9iati/rQbB2/pJwTZy7w+ac/ZvX4cizb5VGnmLz5C1l/9WWufPQZF199i8u3X6FmwSBzSxtZcfw6lz7+7xx+/XMuf/g51956k4Vji/mu5aLVdDJ96jpPffgLnnj1XY5efJLK2lp0U9ZwgOnYmJaJ7XrE7DR52SbGD1zh2LW7WKWtzCnqYO9T32P9gXM86lWwbN9FLr7/D5x543MuvfVT9j51h1TnGKsOv8Dk4RdpXXGEx5/7Ca0DWzl+6RZrtu6nIJ6iKFFLv7+YK9MX2LBgOUkthu0YFNgW5Q0t3Ll7l/feeZ2WhlpMXceRdSnfWo6x/Wrf6kNi+HC8Hq6B/yhr4GsBrWUZIUjYCYpKHXbtXsGPPrrBs5d2MrW0ndrSpJIOrXiKyngdJ5ce5vSKfdR4aTwtjoCMbetYVgLLFvDVMGwBoQS+kU9PXSkd5VlasykWN9VQ4el4RowiW6fGNVjeXMOmoR5W9XXRWFZM0khQW+SzYkErW5Z2s6q7hmWdtTTUlCkwtU2NyqTNaEc9m4cXMDXQRUNJGkeL4ehxrHg+bqyAIFaIVxgjmYjRXuazpLWSYtcmZVn0zi+nb34pxUYhFXacpc3lbFnSzsxAK12lSYq0BFUpj8HWOuozLgONNXRXZ+ioStHTUEnS1pV0YlgWlgBupEkwHFwjQ2WiihPLD3Jq1X5qg2IcTcM2bHTDp7S0lsmxMRb1dpD0bGzTwrN9zHic1oYyNq4epqmmCMsowHQsnKRN36IWtm0dZfP6IaYmehkaaMO1dZqaG9i2ayPbtk+ybeMIB7avYqC3iaThk41VMZhdwvX1F5jpmiDrFKF5pcwNGsh0LmNwZi/dKzdRu3CUlr5RYm4lRkk77WM7Gd15lv7p7Swcm6ShvU1Jh4VmEq24mfaRjazcdpipme1U1jVS4JaTbhlh0YaDjGzdT+fEalqGllJSU4MmoOKn6exeyOoVK2isrsIybArtDH9tZDHqe1mwditj23YztGIVdnEpc+wUTk0XvdN7Wbr1BD2TG+gcHiZbU06eYZLvZnFqO+md2sbo9gMMrd6AXVzGowmdOYbNXMNmnm6Tp1nM013mesWUdy+mY8kEiVQZc9xSmheN0do7wDwjIFHWQsv4VsZ3P87idTspamgn3yunpmucys4x/JoFdCxaTXFlF119IzS09GImyinXmtnRu43La07QUVyNpRViOAZ2Js2CJSO88fZbvP3mqzTOr8bQDRzHxXFsBbb/UQjGf+Z2CMPy5eM/c38etv0/DyPxFYF2dsd0TNugMD6XbLHN2PIFNNdmcbU8XAFikboMh7SWpSvTzcnVB1k3sJwy28MxRIoLywpBx8QwQ2nZMRK4WiGepuHrBp6ewDMEaE18wyCp6woIg1g+bqIQ2whVzwKmth7DTuThyiGqaZFYLRNNtUdT19xYPl68gKrAZsWCFnaM9bNjWS97lvexY3gB20b6mVjQTKmTh5N4BEMvRJf2GgkcI45jSDlxfC0fP/YYycQ8Aj2m+iT9EuCWNrtyGHK9EMsQKV5Hzx2mpWNYBrqokc00XqKU5W0TnNtwnEU1HSRNG9e2MXUTw3DVOJqGgamH5ViWhWNaOIYZlq0XqraJCl4kMylbVKFafC5a7FFMLQ/LjGMYGpqWIKEVoun5aIk56PE5mHq+krJ9o4hSrYZNCzZxZv1xFsxvwzU9DCdDnhUwz3CYp1kU6g5x3UEzfeJWkjw9YJ7mka9ZxA1RySewpI+mRczwKTAC8nSXQk36bGBYHjEjybyEy1zNYm5Cp8Aw0C0LwzLRLVk7FpZm4OgGpmGimy5xO0W+lWKu6TInYVCoGyQMg4Rpk687zEm4qh0CmDG5Lv01pVyXfMNlju7yqO7xbT3Aqutg6fbDTOw/xfi+U0zuP83UnuOs3XWItr4hEo5H3LKJWxYFhkVMzAu2rRiIAtNnnplknuFRYNjEDVljLgkzIK4On7jmYpg+mmFjmUncWAWDteOcW3OKlU2DZDRZ7wk0U6OhrZXLTz/NnVdfZnp6BYHvYJoCCqE0+1CinU13vv5vw8gxu4aO/I7+PwSsrz+mD8fuDxu7rw20ItVG3KEtamRbbIomjm1hi1QiBFMA0vRJxlP01/Uw2bOESj+Dl7M92ZaobHOgYVq53waOkvhMLHXNVIDiGhZyCLi4lhyW4vQNBdjyrNQZEkPbDqU++S/EO2GbJCwh8CaW7eBYDrUlaXatXMJT+zZwdfdaru/ZwNO7N/Dk3hl2TC2lJCmSdj6aHSdhiYpZACzslzAH0kfpr20LQbw/2MoGKwAqqkhbnhdQFfCQQ4i+gL+WA1rpewo7XsRQx1IWt/ZTZAojIu9aYX8UsZW+2orwSlkCpCGDEs1BjiDnmJWQQNs4tgC2vBuWd2++HBtLqf9NHEfuR+138PQ0NUEDYz2j9DS0krJljsJ+S5vUIWNvCYCIDVHG1FJ1SX0CsKapqbMwOjIeSl3uuthSr8yBUqFLm2xsx1HvmzI/6nnpk/RPxtDO1WMoO6oAt2FK2+W9UNILnxUNi7RD+uyotoh9815dskZyc2+7SQqcIrIdi9l37Q5nXn6HYy++yckXv8eZ59/g0nN3mFi1Gk/sp4oZCpkiaZ+UFxKWsM+2Grtcf1SfpE7RWNw/yxq0TZ8gUc5QwyiT7aOUJ3wCYZJEy2EZpIsydHZ30tTciKdAVrQ9MidRfdH8/L6zPP9V3/ltZf4py/ptdfyvuR7NWwSus88PgeJ/zRz8uY/zVwTa6CMWAhFKpYqY5Yha+JGHnLgQNhlcSwBS98iYKUqcNCnLC4lvjji7polnGEpidZWTUEjUBUxC4mZgC7AJwY4OIZpWCHZy3TGEmAkRdzBngbe0LQSmCOhsDNvFsFw826I0aVOddqhJ2tQFNvNTPrWZgOKkENmEUuslbB3NFoCUdgkRjUA9/K/6mQNgRcwVkEj7wkOuCdhrlp07BPwF9EMwEbWoqTt4lo9vu7gCXiK95hgDBWQKrO6XF41LBFgCdPfaETEpOTC8Bzg5ZkC1S55XQJsDhAhAVNttHMMj5SZJup4aJ1OcuKLxFgYid4T1yzzk5kJdD4FSzb1qy+x74bzJe2pOZ5eVGy9VpgItefaLYBmC9v36pR33n/9iPere7Ps55kjK1GyfRLIEq6Qav6Iar6IGr7yOoLyGTGkFQZBUzJz0S8b63nhH5an+RvVFjIH8D49wrEJglvG2TRdPz1JiV1FmFZNKiNNdyADJfRkr0TbI+cs22ei+3Pv9x58SHP+UZf0hbf/TPaPGPGIKc+evNo5/urb8/jl7WNefwxj9UUAbDZAsYiFgitgLKOQIv0ibQuhdy8ExbBxTpA1HqWwskbIskV51XAW0hjqH0pMAm0h9ohYOVcOieo2IniJ8YudV7wpQW3iq/FCSFYnQMe6Ds0jN4nBkmqKSczENUU2GRN9zbCVhq3d0IYoiNeWA2RZQDCVIqTME/PB8j8BH4J+Tmu4D3n2JVOyyhhWqHcWzNVKRRmXIO0oynwXYUl/EbKh+5wjtvXciwpt7Tp5Vz+fATeYmJC4hIRfGKCpH6orKFvAKwTxnN86ptWeXFdUp52jOo3N0L/p/T6JSEmDUhkgCz9Wl1oswKlF5oUrvfhnR9d88R/V9uS3R9d9dhq6c7mS8labD0NEMLWR8XBvLDZ2P1DyL1++ssZRyI2Id1XWvDWrefrOtYVuEGRAHOA9X9/ENF1/WqjCV0TiYYo/9oi02quu39Wd2G6Lfs5+NGMJwfn9b26LrEahGzGxuvu7NT/RcNI+/eQ7H5/4Y3VsHD1gzs9v5b/Fbxi5iWGb//reo62GZ99fGw7H47WPxFYH2iwWpD1xx5DlirjjzUFV6T8UpKlalPjNDSS33jJKI5UM25KONJMUIHAUIQqk5BDdRpYX/Q4DISTVCoJREG0q1EcAKcIukLHZMkXTFo9g2XGzTU2dl3xSAlOeUelXUoKF6UmyIyo6YI6xKIlQSWAjsEdg6CnjvE2N5PyQuok6VLSOiOg9tzxHRU9fFdi02SAW+oi6VsQttkmqb0WzVX07amb2AI6Ia1hcCZgSa4XMR0bw/V6EaMvwfEvD78xW2OZQMI2CR8uSQOqL+RvXObov8/s3rUdlio9XuSWr32xaOT9TXEAgidfP9Nn+5HlXXLMIf9T967jfbcb+/0ufwMDBFXSuOd44wUNJGXTnima6J5YoqXdar9DuU4u+3+355EYgoFaSsGzlybftyu6LxVWdh7nKMmTCUaryjOc7ZDKO23uvXLDAOxyA3vwrcc2OtfB7ufyMy31JPyGBG8/HgsQ3HTZ7JzYsh30E4H4q5vbeuv/i+vHevD6KBmQWoYf1fvDb7/r/1bxnDe2aOhxLtF+bm33rsH5b/4HX/9YA2IlwCCgpMQunNFa48Z9cK7ZEhhyuA5limsnsJF2/KhyxnO5T0DFH5CgFSajYBURtTbJ+qvNCmqoiaAgBRuYW2XStHuMTWJxKBa5skXYvANnHFPixOQ8qWaGMaFqaeA14F/GJndHBdX6mEFcEV+6mAgylqvFCSFsAOj7APAtzCHNiWhiNHzq6opHfbwbU9JcH7sjVDSao6jqWHntYyXkqFbKE7lvIQFoZEiFwocc9SAeeYEGm/a7uqz5Gm4AugIs/dI/JRWTmwl/rt0PYZ2cJFlS8SvajZxaapPoxZoKqAIldmSEwfBKYPXkwRSChCK2CVs9mL7Ta0Mcu+UdFqeGqcbMtV/RZmx1F2YgGL+8AgNt5I6hOGR9ZNVEf0QUdjMfsc3ZNz9Hx0VmOVY9rC3wK+BoYdgq6adzGLyDM55zI1DrI2hTkSJkrME66v9jOHNuacdJ4bx6h+VadiRqQfGo6Tq0v1MQe6s/or78meXjmid5XaXtZYbo6V5sMMGThNwNFx8VxZc1KeOMvJvnB5XpjHyI7+W+YrxyhFzJQwxPINu66F5QhDEmpBQmbovjkjXLMR0IYMtDCMsk1OrVFhUtQh9YbzKf2JxuVB52h+Zp8f9Nwfcm12GbN/P+jd2ffltzzz5WvR9Qe9//Dag9fWw3H54rh8TaANF2PIMVvhXlT5OPVCLL1A7ZONiL/v+MpG68ZMUqZFIFtTBADVRymE18TSDWwBL3WEAR1kw7768AUMhbDl7HWievZdT3HrAvJK7SqqasckcHSSRiGBXoArexSVlBB5uobqbaUWFgcssYdaLrZuYurhPl6RcgRo7xFb8YA2DdVeIWQCeiE4WLi2gWdLG2VANTQ9oRgEz3RIKu/oGK6MhV6IbcaxzYTyghaVuWJCFHEXEAxtcxFBEslIvJNloYq07hsmXkLHSiRCBmWW5PCbi1mIrQBSZHvV0fUCVb9vhcE4XD3ALvRwNR9XqdIjO+RsVW64SO6DVwgKYRuFGN0/IglN2iLmg1BlF9YvdsdEooB4PI9EojBncxX1rACtj2skcRI+vuYoD3OZL1k3Uu999a54UIfSpa6LhJzzDciBhBoDARllrgjrFXAOndR+N3H/8viFDEIIYuIRLoCiPMW1hNJ+KLOC5RK3AuJ2mgLDUx7PMqcKmFXbZKxmf2ThGhUVdSwRDxlItZbDtobjdn+85b+uh3MdBtKQsZBnw3LVWUwatkue8n72SZgOMjam8m7XSIintuOF+8PlO8u9q+qa1TbFQKhxlD5bFIr3d0Kn0NCJm3Es9z7gh3MSSu73fQzkWxaVuIOtCbPkhQ5vstaNuFrv0br+8ljP/i/t+/eSQB+kYlbjJWM265jd3oe/Z6/vh7//kPXw9YA2x6Uqjt/WiZmFOH6cjWuXMtzXhFb4CL7s5zQsknqaYq2chZWdTPZIcIlAbdMRKTHtuTRVlFGbSZISQBOPYt3A1XRcLUHS0Ak02e6TUF7GYncNLIvAElC1cVwb03XQhMgaGmWewebRRexePUqpL8AtEqpsvxACYeU8XF1My1X24rRlUV9SRFnSwRdVom2RyNln5SOTMkUSl0O8dwVoHXnXEuclKV9D1xLoshdXgnCIzVjTaS7LcmjDKiYGOklacVxHCJaOa8oWoZgK0GG7QoBDSSUiMsrOLd7Notq0TTzToCbls7C2kp66aqqKMyGwz+K8FaHIgYxiOpRUFErz1VmfpnKfEjdOIExM3CNjVTDevYKRpiFScRs/5zWtAOULdt4IpCKCExJ7IZwhAZr9PwRYV2yc97yBLUrLimjrrKOru47a6jSBJ4Boo4tK33JI6hnK9AqWtw2yqKkdV5f91aLSF7upTb4TkK6po6q+RnnjCvBI/QKkMidK2s1pRRKyZch00cQ+r+6J1iEEp9BJKQTfCIAjBkEAZPZvKV8kVsORrToWBYm4Ug27omXRDDTTI8/KUNyykIOXnmF07Ub8wM/VGZpApD7XCaVDYQAS4hCYLaeysQ3fT2ELY6k85CO/hghoZT2IJiWhmD9dnLbcDJo4EMq3oTQ8IZOjOUkedUppH13HsSeeomPBAuLxuNJW6La03UUTgFae0cJYhrsBQiYknDuRZIVRlP4WuGmCulaqehZR3dWDX5pFs8TzPmc+UBqKUCLXJaqafC+mQ8rOsKR1EUMNvQQCuOp5DVOYBZGsc6pb0Tip9X2Pdtwn0LKeHgR4fwgB+2OfUd95jvkI17Vsqbu//SdUo4cMxx9b18P378/5n9tYfC2gFcIkA6Wb4plbSGNrGYePrOezH7/Ee3evsHSgjbTn4BkemVgJnUEPZ9YeZcvQOJW2p7Y2eLpOY3kJF/ZsYcfYEFlLJxCVcDxGeeAy3NVGa2mKwYYK+ptqSYrqWUtQ7lks7mimobwIT4iSOFU5tlIX16ccLuxYz9Wju6jKiE3WxHQCTNvNfeRCVAUwXXxdoykbcHrrGkY768moiFUGcV2IaegMpbab5Ah6CLgSKMIhaZosaJxPd2MdnqhHLQ2JauWLejBeSE9NGc+e2s+2lSOkbWESdGw9TnXGYai9lvnlAZ4VIxBmJFd+BAoCvrYjgGQQ2Dor+jp55eIJ7j51nk2rxtU7SuUraj7XwXMF/MXWLIRdCKoQRp2s77Bz5VKe3LOOhrTsRxbpO0NSr2DdghmubL5Af2W70jLIVhZNtkAJyItK+5', 'Cerrado', '2021-03-30 21:26:51', 1),
(15, 1, 1, 'falsa macuri', '<p>adsads parecio<img src=\"data:image/png;base64,iVBORw0KGgoAAAANSUhEUgAAAYkAAAFwCAYAAABNQIdsAAAgAElEQVR4Aey993NVZ5rvy5yentPTPTZB0g4rr7WDcgZJCAmBkAhCgMgCEUWSyDnnnE0wJtvggHEOHad7Znpmenpuzzk9U3Vunbq36tb5Xz63nvfdC20wtnED7rbZP6xae6/4rjc83yc/g1KpJNXVVQSBj21bOI6t9vI7t32/+iAcW8sycV0Hz3PVPjfu369xzq3b3Hg+yzkwKAcSL+aEEsAIt2c5oXLPejHnU27cv7/jngOJF1BiEkkiHo/lJMcXcOxzxPz7S8yf19jmQOIFIhSh5CAgYZlmDiReoLF/XgQk99zvP+jkQOIFJBQhWOQW+Pd/gefGODfGTzsHciDxAoLE006a3P05wpObAy/OHMiBRA4kcl5suTmQmwO5OfClcyAHErnJ8aWTI8ctvjjcYm6sc2P9ZXMgBxI5kMiBRG4O5OZAbg586RzIgURucnzp5PgyziJ3PMd15ubAizMHvlMg4UhEeI6oPzVRD72bZJ9b7C/OYs+NdW6s/5Q58BcFEjkQeP6TWIBB4iQMI54DiBzDkZsDuTnwtXPgLwYkQoAI949DPMuxsGX7liSKsC3h/nFt+q4dk5xN0mYBCQELxw6lCdkPbHJ84NxXg1fYP+F+oE/088Lj4X7g/Fc/90W5LuwX3edaWh44Jv/1WMixgT4ZGCs9btnncr8H+inXF0/bF38WkMheAA99wCMg8NB1joWAhAKKZwQS2c9/9PeDdmW16cGxhxbrd2sSDqiastqdBbzSD8/+O3ME7XF9+uV9/Zj+yozR456jjz16j/x/HmOZe+aL1q9/GSCRIf6mYyGbAIEsIDezqcX0nEAifEf2Ply8ISiFe5FiwnPf/YliYjsmVmaT346tt4eOK0B+PMF50BdZY6NBXDhfkfrCd9hYjqM2W9lBMudfcCIW9p8lKkDVhzIeMv91X+m9/A/HSfpUj4WMVdi/AyAhUmK4PX7MvvvzNgdS3/YY/llAQn1kNmeUITICEEbmt1wji2hgIWnw0ERo4PjTdJg8Oxscwt/hO5VqK2xPFrf9NO/8898bEg8hMgZW1ib/Hz4m10hfh/c8vEDDfpIxyQZ4IWRyThEyW8bNxnQctclvUY+E9/75++Phb/q226P7RvpH+tDMMEkDoDpwXAPIg75VAKzHS4GFGqMcQHzb4/civO9bBYkHhOERwht2dEhsNDc1AAqP/pfrHzzrKblRTcz088Lf4fPlfzZwPKt3ht/7uP3z9zjSBN/JEJlskMj+bSrw+FNAws4Ai+476bMBQijEL/P+pxy3x/Xdd+VYOI/C+S6MUbgJKGgg0GAq18g5OS6/H0gSXwAJATt9j+qHjBSn+0T3+Xelf3Lt/PMyLo/2/58dJBRRFMKhRO5wn1kQSmUhC0P/11xVuFh0R4YL7tEP+6r/ISEO350NQmqBZjhhAQhPNkvv1buyJaAnIHTyjnD7qjY9ei5s46PHn/5/SDC+XJIIJQrNoX6dJKEJfwgEISFTxlZF1GS8tCQh+xxIZDE4GTVTOK9N1U9aitBqI/mdLaVlzjkiMWSPo87o+9DcEJAQlZSao+G1f1nE56H2PsFayl3/5xm/bxUksgc5mwha4m1jizidISIZIu05Nm5GNSGLRXFbrhbNtSroKdUWmffJIlXcmjw7M1lDCUL2fgYk5Hf4DU9C+LO/Mbwvex8+I7wu3Gdf8zx+O6JCUgT8YXWT4xg4dmZTqqfHE5mw3bptNpbtYNoOlnhOuZogyfMtW54v46pVTabjartETt30MPEWe5CyCQmgOhiOpzbpL820mDiurA3pP1f1tS3nbOeBKjB7TLJ/P4/5k3vmAB14EfrizwYS4ooZTmbHdYiL775tEVcGORvPcfAzmwCFgERcNjkvhEgIfIZoh8/5ugGT6+Qa0zSU+6e6PsO9mbIIXQdT3EIFnBRAZSSJjEQh7Qjb/STvCt/36LXZx+X34/6Hx8P9o8/40/9rdZAm4AaOJ5zqAFiEUoSonkKbzKPvCtukJSstJcQVSHg4rquAxnXieJ4GIwFey3URoie2iZxNIlRvChMkc8zAs+O4ClRt4o5PzPExHFfNDc8x8T0X2/WwZFN9KAAhfZ0BC3VtKGFILIzM9XB7sYjao/M19//pxv9bBwkhLKHft6qxLJPfsYlbhpYUbJO4Gc8sDgcvAyZKksgCEUc8QCzN6QrR0oARLopwL52T/Vv/V/EBijjrOs8h4Ai3Js/yfU+BhLRVAcMDLysbATTZ5Bnh9ugklGc8qB8tYJP5BrlOEdbMPrxf9uqculbXnZZ7srdH3/FN/us+HyBM8l9AwrTjWK4YSzXH73g2soW2Cdu1FAf7sOH6YfWZlgJFEhNpwcVQBY2E4MVJeAK2FqYt7wilCT0eYT+E3xG2Mfz/6P7rzj96vf7/6Ng/3WJ5/Dse98xH3xv+l72+/sEasG2l0vRtEy/DIMUdl5gr0oSDbZl4lqGYJu3tpEFeezaJKtZBpAonI1nYAhqWzE8bWwHF49qXOxaOQ27/9XPhzwMSGWIoxNR1XUVQhdgI8VUERRaLZz9QQSmiLBJA5hrX04RUqqvJMwQw9D4kYCFHlTECZnHrmmBrIq/uyRB8kRxEepEtJIrhQlYEKgQieVYmIC185xcmmmM9IPACQAP645BQC4et25p9rxwLwUV+q7ZmQCn7um/6OyTIIaFVqjRlW4lroMiollzRY1txPNfC9aTvtOE6u/3yOwQv1Q5pp+JyZbwMDfaWjWmF4JhRoVgWhpWRTrLUdtnfErYv+1j4+6vOhdd8cf9w33/x/NcvkD/9noF367HWczR83sDccnBtF9eWvRB8rU7Vxmo914RRUsfVGpA+jGE7EVwvih+YeL5eA7YlUoWH7AUkLOt5fl/u2eFYft/33xpI6EWuF45w7EKEEgmXdNpHiJNlGtiqpKZNzLaJei4x38XwHMwMUXZFFWTE1CaiuXBZmhsXPXqWn7+AzAOOLcvLxsoQZ1EticrJjOO7NknfxTENXNnUc/QCEOAKN0Xs5X2SzsI0cR3N6YeSysCit3GEg5NvMXQbpZ2yCbFQ7coYvzXx0ItZfYfcI88O1VoZySa8LySU4T78xrAND+912/X7tLpOvkWukfZJX2rOVbtRCreatm1KXJu0qD9ER56xL8g9D/pBAXUG4JR7rIkVj2AbBdhWgXLjjFgJ4kEJVjJNzLExLCGQIhVKHxi6DcouITYlvYXtfPBNGQIn3yrHwraHBt0H130J4HzxfKbvw+sF9NX8ySZ2A4Q9vH+A0D5yf/iczD4co2zuPWy7Gv9wXsl3qW+T5wkz42LZHqbtY8pv5cSh1X9iyNaqpwDLSygQdlwD1yvAdX+C6/4A2xyEFf8BlpmPZcnzPPVcyxKVqvS1HvPwe3L77PHO/X6S+fDcQSIkhMK9CkGQxR43I0Rjg1m5opveJbMwYkMUcTYNMWD75DlJWqbOYOaSJTiFKWJiOHYc0rbFmNpKRteWkbBjSnXjuja+YxDYBknbILBi+FZMPU/eKb8DM4oS5xWRNjGtuFKDBI7Bou6ZbF23mqqSYux4BE8RMVNJLVpNon3XpTMTrkN9ZQVVJUU4AhaGgJNw3aIbtnFM8YRyCSyPmuIyRpSV4puiehEA0xNS1GahgV7sH9IfnuuqZxX6PvVVlRQGvrpejL+e2oSwW3rLcssVMFHPfYRj1ARVEwf5rTYhikoaknscAtslkDZJf3kmSdNk7vgJHFrTz4T6WqXiCCW4B89T4GbgiRpJpA3HpCQd0FJXSWNlIb45DNtzGGIUMrJjPvPWbiVRPZyo6ZDwfdW32jAu0ppwzlonL3sB4bCt0tfq2+Sbs/tNqQ6FW5btqxZ4SNCFWZAtJP7h8S/eOwAGmpFQYPoFaU/fn33tw+3QfauBL8MYyLc4Bq4jc1KYkFCClGc5WLYYokW1pG0QpjA/TlSpAKOOTyQopaG9izmLlpMuSmPZMXx/GL43iPLiQXS2/ZiZk12qyiwsU9ouUoTM35iSEqV90p6H2/nF78+dz/XJl82B5wwSWgx2HRffEbWSeA8V0DK2hl27lvH3v7zBLz67Su+iqXox+yUMMYupGNfF5pOXmLV0BVbgY/segWVSn0pwYv0qjqxdTHVSFp5J4FmU+gZTRjfQVltOW3Uhs9saSVlR3HgB9UUuc9obGVVRTMIycMwYpqFBI21H2bC0m6M7NlJfVYZnx9RiFp28CmyyYxhmAZYQRNuiJp1kd98K5nVMwM4fqtpkxqI4IpGIZGHY+DGLdNykd2onW5b0UOwaWHZcRzeLbl6AQewprkvc0gTcF+IbyWNMbQW7Vi9nbH2tklgC3yWQb7QE/Ex88WZRUkpGOhKpyhSwlHcMGOPFDqCMoEZEfaspXKV6t6iXtPpHgY7kb7LjBL5NyoyzaPIkLuzcwtTmBjxpp+voRIBGnMCW94sUFXkAEp4ZpamqiFNb+tjUM40StwDH88i3SykaPZutl+8za/0ejCCtQHnAJVNAQtooUpMQTt1+UUcZpoEp7YpLv8o5rToUwBYgcW0PxxRJTbjk8Lvl2+OYVkwxAIYZxbJi2Gr8osSNOIZh4mSkO6VWdF3VJiUZGnEc+V5Tb9IGIbTCgIj6TW1hG824dnyQ98s1CmgtpdqxQjASJkSNi1aRum6UGVPHMmf6RHx5nhHFlrkodhrLJm5bxGSMlNdZnLiZR4HtMNguo7Cpi43Hr7Bg1QaCpEgbMWzvJ6QTg9iwfBi//3wZn73eR9ek4ZgihYqDgBnHcmTOaUkiBxI5APgyAHiS498CSGhDWuAncD2DxtHl3Lx9hM8+vcDvf3uN9948wLpVM5XnxlC3kkh5O0v2vkLvziM46TLNcboOvhGl1rU4vW4Fx/rnU+VHcK0YaSdGU6HJgeXzWTVxNBs6mzjZN4f6ZJwSO5/ulgoubFpM99g6Ktw4pYFDwjZIOyYVTpTmtEFTqUfSiuC7sqiiOHaMwIlR7MsWJeEZ6p7GwiRHV69geWc7qby/o8wzKUm4JB2DtGtT5DhU2Bb1rsmGrvEcWt5NZaCNwpYngCDqMdmLEdfHEKJixihyopRb+XSNLOfY+qVMaqzGlzZ6NiVOjJrAotyJkzZFYnKwYzESVpwSL06pF6XQjeEJKArBd0xSToxSP0a5HyNlR/AdUS3FSXlxkr6lgLUwcCgMxA5jqO8ulbEpdBhXnqQ60CAjEyjtWRQ7McrsCJV+jEI7D9+JIQCWNGOMLktydtNyti2Yot7nuB6mV8p/N6opmbqera99zOjO6UTjUVwvyEgBwnGL6kmkLOGwNUETA7rnmRSlXQoDg6RraFB0HJIph0QgajKbpOtSkvZI+DGCIE4yYZBMxEgk43iJKIlEjMCLkErGSSTipFI2Cd+kOLApTbokPEdx94EXpyhlUZy0SLoC9KJis/CTrtL1B16MoqRBwoviOFFc3yRImiQCfV9RwiYhhFiIsoyta5BOO5Skpd+iOK6JHXiUlNqcOLSaiye3U1PsUJQ08eTbMgFvXsKgsNAiHcRIuAXYbpR8v4ShxW3M2XyW/oOv4JfVYhgxLDeK7f+A+tpB3DxTzP1XxtDV+BIV6UiWR5PYk0QiCdWuOUniSYhh7prHg+nzBwmlGvBwvIC4G2P+kk5+9esb7Nw6lTevbqSrrRA3+iNML8lfmyMo7ljD1lfu0twxjXhcCLqruOqEbVJqGaya2cnyaW2UulFF+Fpqijm3YRGfnt7NBwc38vnhNfzsxDoOr5jB5gWdvLl/Fb88s4V3Dqzntd0b2bhwLtUJh5HFAUfXLuXK9lVsnNdJWSCcYVQRj8qkRc+4evXci9tXsH7RdIanHZrSLifX9NLf0UK98RLr53awdtEsaooTipjPbB7Oif7FXN++mvsH13GmfzbVgSxqcf2UARC1k+jCBSQCZX+oL/bYtXAaV7Ys487eNdzcv5bOkRWkjQiT6ms4vGI+N3b0c3x5Nx3VxZQYUcrsONNH13F6w1Iub1/O1gWdNJX7BEY+FYHJ/HH1nFozj2s7V7Jt0UxqiwopsmLMaWtgY88UNnR3cHrLCrYumU1DeREVCZcNPV1c2rGKQyvnML6uBMcSaSvGgo6x7Jg/haO9s7i8aQn7ertorkyRcCwCI86IdMCa2Z30TGgiZeYprzDbTZKfqOeHhZPoPfYWq/cfx0oEmJYQZ08Bv7YhiReboWMAXJOSihT9/XO5c+sYH927wIFdayguKqSwuJDdu/tYtHAKZixGc8MIju/fQOeEGnrmt3H82DquvrqX06c3cPb8Fl69uIvuGU1s2tDNhQs7ufbaPs4eX8f1C9s5dWgd1dVJqmqS7NqxlLfvHOfN20foWzaNsmILP2WwcEU3B45s5NCBVbz39hlOn9hEQ2MxrePrOHp8A8eP9PHmrYPcvnKA2VPH4Np5pEsd1mxYyN03TvHeW6c4d3w9dSPLGDV+NFduHOd3/3CLP/zmDT575xXuXD/OvO4OTCufSZ1jeOXCbu6/c4abl/YytX0EvhdnaFCFP24pG165T+vshcTcAFvsEX4+lj2IhupBXDnucWBNMYWxQXh2PnFbJHWtthOAUCCk1HI5kMgBwOMB4En65bmChBZzRRcuBmiXqGvQMKaa164f4KefnOMfPjnPomkNVASi0knwN0EzzcuOsPXUa1TWVOLEDRKWi2dlYiYsiyLfoci3SHqWskOMTJnsnzee9/f28eqyqXy4vYc3N81ieXsV88ZWcnJZJx8e7OP0yllsmtPJ/AljKXcNhqdsVnW1cX79Es5v66e+NIFrRkm4JrPH1HFjxwourJnL7gUdbFk8nabyBCMCg5OrF7N9ShMbJtRyecdKZrTWk7YKGFddyIUNi3llTQ8753ZwbcsSTvfPpNKLYjuekh5ExRPqoUUXXeo7bOnu5PaOlRya38Gp5bO4uns1UxvKaUi5HF+9lEv98zgwrYkba+Zzpq+HejdKe3maU2uWcml1NwfnjOHIkk5mNJZSHB/CzNG1XNu+gov9s9nbPZ7ti+fQUF5OSTyPrXPa+fjsLs6unsf+RVO4snsdi6dOotyzmNUynIPLZ3J9zypmtlQhqqQSN86unqn87Mwebmzu5eTiTu7s6WPd3A7SwqnGY0oNVpZ0KfLjOEaeAkIBg0hQxQ/sRtqXHWTfpTuU1DYQixlK7ajsEeJqLA4M4k3m+USMGBMmj+HDDy9z4cxqTh7s5czxLdTW1VBaVcTdu8fZu2c5sXicSeNb+ejeKyyd38iubXP493++w88+PMu//+4OP/v8FX716SucP7ycuzf28e//+ia/+uw8//W72/zqw2N8+sEpumY1sWbjHN579xiH9s7m/OllvP/2MaZ31hEUFrD14Fr+9Q+fcOv6Ps6dXMvPPr/O2o0LmDarid/9yxv89OPjnDnRy+efXODqhZ1UlkVY3jeVTz67xrnTmzl5aAW/+dkVDh5cS2PLcDZu6uHje8f5+btnOLZ9KVvXLWDMmCqG16W5dHkfd27vZ/fmLj64c5ibF/ZSV13Gy04VoxYfYP2Zu5Q3NGJ6PrYbI0j8LRUlg1g2ZxDvXqlh07IqUk6+khri4iQgEo1SzYX2GJlzOZB4EmKYu+bxQPJcQUKl0xC3SPHH9x0M3yHuGzS3VvPalT387//5Pp+/fYLVPRNIJxO8VNTCpE3n2XDkLCUlKTzTwjdcHCPjJqj0rdorSVxWRVc/oTrNnhkt3Nu6iPPzWnl340yu9Xcyudohmf83TK22ObGyi6kNRSSig5UR2xW/cztGKvoyc0ZVcmLjckZVpPGNAsoSDhvnTeHs2nm0pCOUOsMoT9mUeiajipOc6VvARzt7ubVmJvPHVJE2hlFoRVja0cLVjYvoqvApzn+J/mljOLR8OlWBqBUC5ZboKAnCx3IDrFicsZUlXNy4nPWTmqnO+zFTaoo5uW4p0+rLmFpfye19mzi9eArb22u4vHwW7x3bxeTqYlpLEpxe18ulvm76mkuYWe3RFORTaw1he88UTvfNZXxRnHJzKEW+qFd8ys08dswaw7WdK2gtdah18unpaGVaWwtpCXyLvExrVZJjq7uZ01KNb4rEEmPfvE7u7FxNV1WKRmMwm2eOZ1/fIkp80fGL5CV69wimE8EUdZ0n3jrimVbOoIIKaqf0c/DVe1SPaiMWMwnEpVccCjwNEp7Yq/xA6eTbJrVw//5lXjmzniXdzYxvrcJO2BRXp7l2bSc7dywhbru0T2jj3TdPsLh7BPu2zeLdm3vZtXoKP3vvHJtXT+Hm+Q3cPLOWt1/by2unN3FyVw+/uHeYzctbuP7qJvrWT+Pi1R18+N5RNq9rZ9/uGfzzr6+xa8s8kkXD2LS/n/sfXWdUfZKSVIQVy+Ywt6eT6bOb+Pknp9m8th07+CFbdy/lzhsHmTAu4MbVnZw4spHStE1xIp8dG+fy4ZsXaaxKkXb+lqN7F3N2bz8l5lCl2hoW+Qlds5r55OPzXDm/lo0rxnHt7Fp+/+t3mN45kR/HKxi/8ixrjt4mUVKmQUJUn8lBLOv5Cf/x0zZ++04LM8dFcA1Rkco4iI1G25m0PSKnbsoR/scT/m/SL88JJETnnOFexHDrxrE8k7hrYXgmEWswPYvH89Ybe7h0Ygm/ef8c48c08OOgjo5N51l3+CzFpWk85YUTYBvyrExKAuE8XVsF2SVsiwXtzdzd1ccvT2zm/V29/OrEWu7u7mXh5NGkzGFMq0txbl03M5rKSBpDccXAKQZC1yIVG8qshnKOr1lEY5FFUPASlYHFjsVd7F/UQa3zdwSxl/CNfNJGlNGlhZxbvZjP967k7ro5dDeWUmTkUeoYrJ4+gUv9s+kojFEZH8aGORM5uHw6lb5UgPOwLAl48og5AY4Ycg2LKQ01vLqxl95R5VTl/ZjZTbWc3bSCGQ3lzGys4u7+Dby1vZd', 'Cerrado', '2021-03-30 22:54:37', 1),
(16, 1, 2, 'nuevo macuri', '<p>esta gira por el norte keiko<img src=\"data:image/png;base64,iVBORw0KGgoAAAANSUhEUgAAAYkAAAFwCAYAAABNQIdsAAAgAElEQVR4Aey993NVZ5rvy5yentPTPTZB0g4rr7WDcgZJCAmBkAhCgMgCEUWSyDnnnE0wJtvggHEOHad7Znpmenpuzzk9U3Vunbq36tb5Xz63nvfdC20wtnED7rbZP6xae6/4rjc83yc/g1KpJNXVVQSBj21bOI6t9vI7t32/+iAcW8sycV0Hz3PVPjfu369xzq3b3Hg+yzkwKAcSL+aEEsAIt2c5oXLPejHnU27cv7/jngOJF1BiEkkiHo/lJMcXcOxzxPz7S8yf19jmQOIFIhSh5CAgYZlmDiReoLF/XgQk99zvP+jkQOIFJBQhWOQW+Pd/gefGODfGTzsHciDxAoLE006a3P05wpObAy/OHMiBRA4kcl5suTmQmwO5OfClcyAHErnJ8aWTI8ctvjjcYm6sc2P9ZXMgBxI5kMiBRG4O5OZAbg586RzIgURucnzp5PgyziJ3PMd15ubAizMHvlMg4UhEeI6oPzVRD72bZJ9b7C/OYs+NdW6s/5Q58BcFEjkQeP6TWIBB4iQMI54DiBzDkZsDuTnwtXPgLwYkQoAI949DPMuxsGX7liSKsC3h/nFt+q4dk5xN0mYBCQELxw6lCdkPbHJ84NxXg1fYP+F+oE/088Lj4X7g/Fc/90W5LuwX3edaWh44Jv/1WMixgT4ZGCs9btnncr8H+inXF0/bF38WkMheAA99wCMg8NB1joWAhAKKZwQS2c9/9PeDdmW16cGxhxbrd2sSDqiastqdBbzSD8/+O3ME7XF9+uV9/Zj+yozR456jjz16j/x/HmOZe+aL1q9/GSCRIf6mYyGbAIEsIDezqcX0nEAifEf2Ply8ISiFe5FiwnPf/YliYjsmVmaT346tt4eOK0B+PMF50BdZY6NBXDhfkfrCd9hYjqM2W9lBMudfcCIW9p8lKkDVhzIeMv91X+m9/A/HSfpUj4WMVdi/AyAhUmK4PX7MvvvzNgdS3/YY/llAQn1kNmeUITICEEbmt1wji2hgIWnw0ERo4PjTdJg8Oxscwt/hO5VqK2xPFrf9NO/8898bEg8hMgZW1ib/Hz4m10hfh/c8vEDDfpIxyQZ4IWRyThEyW8bNxnQctclvUY+E9/75++Phb/q226P7RvpH+tDMMEkDoDpwXAPIg75VAKzHS4GFGqMcQHzb4/civO9bBYkHhOERwht2dEhsNDc1AAqP/pfrHzzrKblRTcz088Lf4fPlfzZwPKt3ht/7uP3z9zjSBN/JEJlskMj+bSrw+FNAws4Ai+476bMBQijEL/P+pxy3x/Xdd+VYOI/C+S6MUbgJKGgg0GAq18g5OS6/H0gSXwAJATt9j+qHjBSn+0T3+Xelf3Lt/PMyLo/2/58dJBRRFMKhRO5wn1kQSmUhC0P/11xVuFh0R4YL7tEP+6r/ISEO350NQmqBZjhhAQhPNkvv1buyJaAnIHTyjnD7qjY9ei5s46PHn/5/SDC+XJIIJQrNoX6dJKEJfwgEISFTxlZF1GS8tCQh+xxIZDE4GTVTOK9N1U9aitBqI/mdLaVlzjkiMWSPo87o+9DcEJAQlZSao+G1f1nE56H2PsFayl3/5xm/bxUksgc5mwha4m1jizidISIZIu05Nm5GNSGLRXFbrhbNtSroKdUWmffJIlXcmjw7M1lDCUL2fgYk5Hf4DU9C+LO/Mbwvex8+I7wu3Gdf8zx+O6JCUgT8YXWT4xg4dmZTqqfHE5mw3bptNpbtYNoOlnhOuZogyfMtW54v46pVTabjartETt30MPEWe5CyCQmgOhiOpzbpL820mDiurA3pP1f1tS3nbOeBKjB7TLJ/P4/5k3vmAB14EfrizwYS4ooZTmbHdYiL775tEVcGORvPcfAzmwCFgERcNjkvhEgIfIZoh8/5ugGT6+Qa0zSU+6e6PsO9mbIIXQdT3EIFnBRAZSSJjEQh7Qjb/STvCt/36LXZx+X34/6Hx8P9o8/40/9rdZAm4AaOJ5zqAFiEUoSonkKbzKPvCtukJSstJcQVSHg4rquAxnXieJ4GIwFey3URoie2iZxNIlRvChMkc8zAs+O4ClRt4o5PzPExHFfNDc8x8T0X2/WwZFN9KAAhfZ0BC3VtKGFILIzM9XB7sYjao/M19//pxv9bBwkhLKHft6qxLJPfsYlbhpYUbJO4Gc8sDgcvAyZKksgCEUc8QCzN6QrR0oARLopwL52T/Vv/V/EBijjrOs8h4Ai3Js/yfU+BhLRVAcMDLysbATTZ5Bnh9ugklGc8qB8tYJP5BrlOEdbMPrxf9uqculbXnZZ7srdH3/FN/us+HyBM8l9AwrTjWK4YSzXH73g2soW2Cdu1FAf7sOH6YfWZlgJFEhNpwcVQBY2E4MVJeAK2FqYt7wilCT0eYT+E3xG2Mfz/6P7rzj96vf7/6Ng/3WJ5/Dse98xH3xv+l72+/sEasG2l0vRtEy/DIMUdl5gr0oSDbZl4lqGYJu3tpEFeezaJKtZBpAonI1nYAhqWzE8bWwHF49qXOxaOQ27/9XPhzwMSGWIoxNR1XUVQhdgI8VUERRaLZz9QQSmiLBJA5hrX04RUqqvJMwQw9D4kYCFHlTECZnHrmmBrIq/uyRB8kRxEepEtJIrhQlYEKgQieVYmIC185xcmmmM9IPACQAP645BQC4et25p9rxwLwUV+q7ZmQCn7um/6OyTIIaFVqjRlW4lroMiollzRY1txPNfC9aTvtOE6u/3yOwQv1Q5pp+JyZbwMDfaWjWmF4JhRoVgWhpWRTrLUdtnfErYv+1j4+6vOhdd8cf9w33/x/NcvkD/9noF367HWczR83sDccnBtF9eWvRB8rU7Vxmo914RRUsfVGpA+jGE7EVwvih+YeL5eA7YlUoWH7AUkLOt5fl/u2eFYft/33xpI6EWuF45w7EKEEgmXdNpHiJNlGtiqpKZNzLaJei4x38XwHMwMUXZFFWTE1CaiuXBZmhsXPXqWn7+AzAOOLcvLxsoQZ1EticrJjOO7NknfxTENXNnUc/QCEOAKN0Xs5X2SzsI0cR3N6YeSysCit3GEg5NvMXQbpZ2yCbFQ7coYvzXx0ItZfYfcI88O1VoZySa8LySU4T78xrAND+912/X7tLpOvkWukfZJX2rOVbtRCreatm1KXJu0qD9ER56xL8g9D/pBAXUG4JR7rIkVj2AbBdhWgXLjjFgJ4kEJVjJNzLExLCGQIhVKHxi6DcouITYlvYXtfPBNGQIn3yrHwraHBt0H130J4HzxfKbvw+sF9NX8ySZ2A4Q9vH+A0D5yf/iczD4co2zuPWy7Gv9wXsl3qW+T5wkz42LZHqbtY8pv5cSh1X9iyNaqpwDLSygQdlwD1yvAdX+C6/4A2xyEFf8BlpmPZcnzPPVcyxKVqvS1HvPwe3L77PHO/X6S+fDcQSIkhMK9CkGQxR43I0Rjg1m5opveJbMwYkMUcTYNMWD75DlJWqbOYOaSJTiFKWJiOHYc0rbFmNpKRteWkbBjSnXjuja+YxDYBknbILBi+FZMPU/eKb8DM4oS5xWRNjGtuFKDBI7Bou6ZbF23mqqSYux4BE8RMVNJLVpNon3XpTMTrkN9ZQVVJUU4AhaGgJNw3aIbtnFM8YRyCSyPmuIyRpSV4puiehEA0xNS1GahgV7sH9IfnuuqZxX6PvVVlRQGvrpejL+e2oSwW3rLcssVMFHPfYRj1ARVEwf5rTYhikoaknscAtslkDZJf3kmSdNk7vgJHFrTz4T6WqXiCCW4B89T4GbgiRpJpA3HpCQd0FJXSWNlIb45DNtzGGIUMrJjPvPWbiVRPZyo6ZDwfdW32jAu0ppwzlonL3sB4bCt0tfq2+Sbs/tNqQ6FW5btqxZ4SNCFWZAtJP7h8S/eOwAGmpFQYPoFaU/fn33tw+3QfauBL8MYyLc4Bq4jc1KYkFCClGc5WLYYokW1pG0QpjA/TlSpAKOOTyQopaG9izmLlpMuSmPZMXx/GL43iPLiQXS2/ZiZk12qyiwsU9ouUoTM35iSEqV90p6H2/nF78+dz/XJl82B5wwSWgx2HRffEbWSeA8V0DK2hl27lvH3v7zBLz67Su+iqXox+yUMMYupGNfF5pOXmLV0BVbgY/segWVSn0pwYv0qjqxdTHVSFp5J4FmU+gZTRjfQVltOW3Uhs9saSVlR3HgB9UUuc9obGVVRTMIycMwYpqFBI21H2bC0m6M7NlJfVYZnx9RiFp28CmyyYxhmAZYQRNuiJp1kd98K5nVMwM4fqtpkxqI4IpGIZGHY+DGLdNykd2onW5b0UOwaWHZcRzeLbl6AQewprkvc0gTcF+IbyWNMbQW7Vi9nbH2tklgC3yWQb7QE/Ex88WZRUkpGOhKpyhSwlHcMGOPFDqCMoEZEfaspXKV6t6iXtPpHgY7kb7LjBL5NyoyzaPIkLuzcwtTmBjxpp+voRIBGnMCW94sUFXkAEp4ZpamqiFNb+tjUM40StwDH88i3SykaPZutl+8za/0ejCCtQHnAJVNAQtooUpMQTt1+UUcZpoEp7YpLv8o5rToUwBYgcW0PxxRJTbjk8Lvl2+OYVkwxAIYZxbJi2Gr8osSNOIZh4mSkO6VWdF3VJiUZGnEc+V5Tb9IGIbTCgIj6TW1hG824dnyQ98s1CmgtpdqxQjASJkSNi1aRum6UGVPHMmf6RHx5nhHFlrkodhrLJm5bxGSMlNdZnLiZR4HtMNguo7Cpi43Hr7Bg1QaCpEgbMWzvJ6QTg9iwfBi//3wZn73eR9ek4ZgihYqDgBnHcmTOaUkiBxI5APgyAHiS498CSGhDWuAncD2DxtHl3Lx9hM8+vcDvf3uN9948wLpVM5XnxlC3kkh5O0v2vkLvziM46TLNcboOvhGl1rU4vW4Fx/rnU+VHcK0YaSdGU6HJgeXzWTVxNBs6mzjZN4f6ZJwSO5/ulgoubFpM99g6Ktw4pYFDwjZIOyYVTpTmtEFTqUfSiuC7sqiiOHaMwIlR7MsWJeEZ6p7GwiRHV69geWc7qby/o8wzKUm4JB2DtGtT5DhU2Bb1rsmGrvEcWt5NZaCNwpYngCDqMdmLEdfHEKJixihyopRb+XSNLOfY+qVMaqzGlzZ6NiVOjJrAotyJkzZFYnKwYzESVpwSL06pF6XQjeEJKArBd0xSToxSP0a5HyNlR/AdUS3FSXlxkr6lgLUwcCgMxA5jqO8ulbEpdBhXnqQ60CAjEyjtWRQ7McrsCJV+jEI7D9+JIQCWNGOMLktydtNyti2Yot7nuB6mV8p/N6opmbqera99zOjO6UTjUVwvyEgBwnGL6kmkLOGwNUETA7rnmRSlXQoDg6RraFB0HJIph0QgajKbpOtSkvZI+DGCIE4yYZBMxEgk43iJKIlEjMCLkErGSSTipFI2Cd+kOLApTbokPEdx94EXpyhlUZy0SLoC9KJis/CTrtL1B16MoqRBwoviOFFc3yRImiQCfV9RwiYhhFiIsoyta5BOO5Skpd+iOK6JHXiUlNqcOLSaiye3U1PsUJQ08eTbMgFvXsKgsNAiHcRIuAXYbpR8v4ShxW3M2XyW/oOv4JfVYhgxLDeK7f+A+tpB3DxTzP1XxtDV+BIV6UiWR5PYk0QiCdWuOUniSYhh7prHg+nzBwmlGvBwvIC4G2P+kk5+9esb7Nw6lTevbqSrrRA3+iNML8lfmyMo7ljD1lfu0twxjXhcCLqruOqEbVJqGaya2cnyaW2UulFF+Fpqijm3YRGfnt7NBwc38vnhNfzsxDoOr5jB5gWdvLl/Fb88s4V3Dqzntd0b2bhwLtUJh5HFAUfXLuXK9lVsnNdJWSCcYVQRj8qkRc+4evXci9tXsH7RdIanHZrSLifX9NLf0UK98RLr53awdtEsaooTipjPbB7Oif7FXN++mvsH13GmfzbVgSxqcf2UARC1k+jCBSQCZX+oL/bYtXAaV7Ys487eNdzcv5bOkRWkjQiT6ms4vGI+N3b0c3x5Nx3VxZQYUcrsONNH13F6w1Iub1/O1gWdNJX7BEY+FYHJ/HH1nFozj2s7V7Jt0UxqiwopsmLMaWtgY88UNnR3cHrLCrYumU1DeREVCZcNPV1c2rGKQyvnML6uBMcSaSvGgo6x7Jg/haO9s7i8aQn7ertorkyRcCwCI86IdMCa2Z30TGgiZeYprzDbTZKfqOeHhZPoPfYWq/cfx0oEmJYQZ08Bv7YhiReboWMAXJOSihT9/XO5c+sYH927wIFdayguKqSwuJDdu/tYtHAKZixGc8MIju/fQOeEGnrmt3H82DquvrqX06c3cPb8Fl69uIvuGU1s2tDNhQs7ufbaPs4eX8f1C9s5dWgd1dVJqmqS7NqxlLfvHOfN20foWzaNsmILP2WwcEU3B45s5NCBVbz39hlOn9hEQ2MxrePrOHp8A8eP9PHmrYPcvnKA2VPH4Np5pEsd1mxYyN03TvHeW6c4d3w9dSPLGDV+NFduHOd3/3CLP/zmDT575xXuXD/OvO4OTCufSZ1jeOXCbu6/c4abl/YytX0EvhdnaFCFP24pG165T+vshcTcAFvsEX4+lj2IhupBXDnucWBNMYWxQXh2PnFbJHWtthOAUCCk1HI5kMgBwOMB4En65bmChBZzRRcuBmiXqGvQMKaa164f4KefnOMfPjnPomkNVASi0knwN0EzzcuOsPXUa1TWVOLEDRKWi2dlYiYsiyLfoci3SHqWskOMTJnsnzee9/f28eqyqXy4vYc3N81ieXsV88ZWcnJZJx8e7OP0yllsmtPJ/AljKXcNhqdsVnW1cX79Es5v66e+NIFrRkm4JrPH1HFjxwourJnL7gUdbFk8nabyBCMCg5OrF7N9ShMbJtRyecdKZrTWk7YKGFddyIUNi3llTQ8753ZwbcsSTvfPpNKLYjuekh5ExRPqoUUXXeo7bOnu5PaOlRya38Gp5bO4uns1UxvKaUi5HF+9lEv98zgwrYkba+Zzpq+HejdKe3maU2uWcml1NwfnjOHIkk5mNJZSHB/CzNG1XNu+gov9s9nbPZ7ti+fQUF5OSTyPrXPa+fjsLs6unsf+RVO4snsdi6dOotyzmNUynIPLZ3J9zypmtlQhqqQSN86unqn87Mwebmzu5eTiTu7s6WPd3A7SwqnGY0oNVpZ0KfLjOEaeAkIBg0hQxQ/sRtqXHWTfpTuU1DYQixlK7ajsEeJqLA4M4k3m+USMGBMmj+HDDy9z4cxqTh7s5czxLdTW1VBaVcTdu8fZu2c5sXicSeNb+ejeKyyd38iubXP493++w88+PMu//+4OP/v8FX716SucP7ycuzf28e//+ia/+uw8//W72/zqw2N8+sEpumY1sWbjHN579xiH9s7m/OllvP/2MaZ31hEUFrD14Fr+9Q+fcOv6Ps6dXMvPPr/O2o0LmDarid/9yxv89OPjnDnRy+efXODqhZ1UlkVY3jeVTz67xrnTmzl5aAW/+dkVDh5cS2PLcDZu6uHje8f5+btnOLZ9KVvXLWDMmCqG16W5dHkfd27vZ/fmLj64c5ibF/ZSV13Gy04VoxYfYP2Zu5Q3NGJ6PrYbI0j8LRUlg1g2ZxDvXqlh07IqUk6+khri4iQgEo1SzYX2GJlzOZB4EmKYu+bxQPJcQUKl0xC3SPHH9x0M3yHuGzS3VvPalT387//5Pp+/fYLVPRNIJxO8VNTCpE3n2XDkLCUlKTzTwjdcHCPjJqj0rdorSVxWRVc/oTrNnhkt3Nu6iPPzWnl340yu9Xcyudohmf83TK22ObGyi6kNRSSig5UR2xW/cztGKvoyc0ZVcmLjckZVpPGNAsoSDhvnTeHs2nm0pCOUOsMoT9mUeiajipOc6VvARzt7ubVmJvPHVJE2hlFoRVja0cLVjYvoqvApzn+J/mljOLR8OlWBqBUC5ZboKAnCx3IDrFicsZUlXNy4nPWTmqnO+zFTaoo5uW4p0+rLmFpfye19mzi9eArb22u4vHwW7x3bxeTqYlpLEpxe18ulvm76mkuYWe3RFORTaw1he88UTvfNZXxRnHJzKEW+qFd8ys08dswaw7WdK2gtdah18unpaGVaWwtpCXyLvExrVZJjq7uZ01KNb4rEEmPfvE7u7FxNV1WKRmMwm2eOZ1/fIkp80fGL5CV69wimE8EUdZ0n3jrimVbOoIIKaqf0c/DVe1SPaiMWMwnEpVccCjwNEp7Yq/xA6eTbJrVw//5lXjmzniXdzYxvrcJO2BRXp7l2bSc7dywhbru0T2jj3TdPsLh7BPu2zeLdm3vZtXoKP3vvHJtXT+Hm+Q3cPLOWt1/by2unN3FyVw+/uHeYzctbuP7qJvrWT+Pi1R18+N5RNq9rZ9/uGfzzr6+xa8s8kkXD2LS/n/sfXWdUfZKSVIQVy+Ywt6eT6bOb+Pknp9m8th07+CFbdy/lzhsHmTAu4MbVnZw4spHStE1xIp8dG+fy4ZsXaaxKkXb+lqN7F3N2bz8l5lCl2hoW+Qlds5r55OPzXDm/lo0rxnHt7Fp+/+t3mN45kR/HKxi/8ixrjt4mUVKmQUJUn8lBLOv5Cf/x0zZ++04LM8dFcA1Rkco4iI1G25m0PSKnbsoR/scT/m/SL88JJETnnOFexHDrxrE8k7hrYXgmEWswPYvH89Ybe7h0Ygm/ef8c48c08OOgjo5N51l3+CzFpWk85YUTYBvyrExKAuE8XVsF2SVsiwXtzdzd1ccvT2zm/V29/OrEWu7u7mXh5NGkzGFMq0txbl03M5rKSBpDccXAKQZC1yIVG8qshnKOr1lEY5FFUPASlYHFjsVd7F/UQa3zdwSxl/CNfNJGlNGlhZxbvZjP967k7ro5dDeWUmTkUeoYrJ4+gUv9s+kojFEZH8aGORM5uHw6lb5UgPOwLAl48og5AY4Ycg2LKQ01vLqxl95R5VTl/ZjZTbWc3bSCGQ3lzG', 'abierto', '2021-03-30 23:02:48', 1),
(17, 1, 3, 'arriba alianza', '<p>este erro alincista tengo soluconamelo porfa;</p><p><img src=\"data:image/png;base64,iVBORw0KGgoAAAANSUhEUgAAAnoAAAHcCAYAAABBBwdiAAAgAElEQVR4Aey9z4slSXbnO3/Fe2/x9GYmI4iOCC00aNPkDAPFa1AlqCkoFdVIgxTkVDVVoQRtiiS1SNGZkiioLiWdyk1RFKIEtVDTkJOvOzaqRW4auiETRMJQm6KzRw8qkSK1qketMheNPc5xO+bHjpv5j2t+b9i9/l0E7tfdfhw79nWzTxzzH//u8GjP4Q8+gAagAWgAGoAGoAFoYPc08O/QqbvXqehT9Ck0sOeePfs1/8EXuB6gAWhgyRoA6CGiiYguNLCTGgDoYXJf8uSOtkP/ogGAHib5nZzkReDYLnewE9A7OPgtR3//8T/+7zvzR+351rd+yx186z/g+sUYDg1AA70aAOhBIL0CASgtF5S2ve8F9P7Lf/5P7sqr/3Xn/qhdR0f/HrCHMRxjODTQqwGAHgTSK5Btn+xh/3JBlUDvX/7ln3cO8DS0EuxRdA86X67O0ffo+yENAPQAepgkoIGt0cDpg1+7rx58P2/v8SX3Tx9dcj97dZ8fxPjXf/1/dxr0CPoODv7Pxh93f+FePP4w7xvR+fGH7vGLb9yLF9+4x3f3h9NLPmzhK2hgKzVw4aB3enDqXu6/4U6PMwPO8WX3YP899zL8vZp2dEjXU9ZcIv2TH7urX37t3vV/Vz9+O23TXPVNLef4h+57ZNsvf+y+nfPr1DJHpn/7H3/b/cNX/u/Jofv9TP2///fH7h++OnZ//t8z/T6yvqH/ZC70/PG++/Mnv+3+occPWfv++tD9w1eH7u2M/7L5avTbFD/0tJsg78WLX7gfpXzyx5fcbz6K//6/f33qpoHet93nf0NlHLu/m7zU+7vuf350yf3P09Il4mk2/N1fXnK/ufl/NOPP8ffdg6++6Qfhoz33o8ffjAPCGrUEm+qaa9AfW9Ef9YOeEtJdhr0LBj0Ped/7wcUBynd++rV796c/zAvsAkFPAIRBrgdwikDPg8PHf39xfXB4fOA++Oq33Qd/3WPDFMBROmcf9gCP+HjMlsH7Hw/yWrH1ruP3FD/k2n36E/fVi1+7B6ddf//pnzWAR1E82j//s0vc3q++ikHv5o0D95u/+R13Mwtx0yBLL6Fe+W+/4/5tJUC0YDjFhibtv17zoEd9x37qidR5GEQkD8t9Y8YPpNkNnewO6K1jgkqU+e2Pf9UPWYk8s14sx2+71375tbtI0BzTniHQG1NGNs22gF6JFnLAM7HMKkBvis2ZdmejUMeX3M8+9HDn9wn4SDsW9Cj69W83vr2epdzT4wGItEA3x2+KIh64/+c7/1sE8hz5/Oon6VUSv2wL0NuNCTw7Rk655pA2un520adloHf8qnu8f+oeHNK2XV59fND+192JwnGe95ykkaXbu7yEK2Wkl187ZXmBNsf78x76etslYLK7tXNU53rISi7V/uDn8VKpTUvnv/y5+0607Psr99qfGBs4XbssHJZfo3zq/Jdfu2CPzpuL+Em0Lyw9/9x9R5bCuA6yyS/9+jSrQGUW9Hgil+XdzNJtlEYtfUpkSJaG9VZHDzvp4nrYNopy6XrGRr18JC8sT2sbVBmjlrD/+6H7WOfXS7UWeMRWVcehya8jnFH9uTr6BvjgQ7V8LMe0r/vKONpzkR2ZfFEatlXVSeUznKSjeYce7n7z4SX3p69ecue09XpuQO+feUnVLuvy77/83Qb6OBrnl337In4Ec3p5WKXlJdS//F3HW0kj5WcjiAr2Rtkg0T69RH3s/vZSDHpNVC/nr+b+PIAeQG/UnDdwfaOM7dDRDKBHgNVCUwNuJ+6uH2w7cJYEPSrDL8n6888OLncou1OWEaFAY+d+v54yRwlVA1QApAa2BLI6y6keqAIkhTI83FkQPNpzHC38MgF/up1cjoIzOUf1Cdzl0thlZ29DWAZWMCl2d9ol9Q1ss6An+RhSYgDjvsgdl3y09cChwUb34+///WF07x+DhIIMtk0DxZhlWF0/2zBi6fZoz2X94CEtu/SrQY/3ja9sft8G6xNuu4ZD246+3wJ2Pr/1o/b50H7OD50ydbvFNnrIIHdvHqUhwBO4+otm2ZbsiSJ6DFIH7vP/puCKAezb7vO/9Mu52TT/1fGy70ep/FSeAjCBO4bCsff6jbGhuQfwN1L+q96mv/kd964Fvb7lWV7azdznKP7GtjP3DOkb57cDeJbaT7OAnkTn2IkMVS34deAsCXpxBK8Btu69eJ2yzICUA73c8cmdHiJeJgqXgLZDk7YDcTaPSZ+zbczSMaexD2LY+rzvorQeRgXyyIaLAb3fdhZYIn8MgF6Ultpp4KEBPRU1mloelTkSDnsBpw/AvM1/nnlohcs1+VN1FYGebuc/lj0ckrKt8aEBWNNX1Je9S5FexyGy54GPlm8j0BuztJqDsx4AbO7TsxDmwU9BWXQ/X1+EL2ND6v5CiSLSi6AjzaceypAnbXNLuuJHbGNfwh/wxw5oYE2g1y7NduBsNOjF8EcDWacs0wE5oBvKFw2SpszoHIGQBShKb6N3Ep1TaTvAxHna6F0EXDkbMrAW2ejhTCKN4VwGJDU4dmzw9WnwC+XlbPTHkxO7ztMXufPRKlke7US9hsDM5G/KacFu0DZtZ26/BPSG7Kc6GXj8ErcBOuoDBrhoSTb9pHMx6ClbOv2Q803ieNLnKQ2sCno+qndPLeX+m3oYQ6CoD7gYphJwloKsqBwBwRuytJuL/NloYvd32oYGHOP7C9unfEeBnvQJInoAF9ECtovRwvygd/iGe6aWcjuQNQL0Onm8IHPHBT5yoJc7LvnGbjuwJhcKQ5RaTvXgF5ZEU8Bk8mTLljpomwDKju25NCnQ82kFCskG2edy+XwLo526tG1mPzmx6zSpSV6fl32e+E3Upw+UUkuYBh4GbZO6+7YloCeglgC44GNlM7+ixaTlNphjIa+yuxj0pJ/+mu4nNP2g6knVrY8lfS5l61fsqHaH/ENLt0d7/LTtb/yy7b2/uORov43opUDJQlY+zRAkahDktOrevQgI+yJ5soz8N6kHRlqok/K4Tr+UnAO95H14eBhjMZN7uH4mXKfIs5tL0LODXgNjbTQugqzwrrs24hedJ0EyKLbntfBWBT0pM3Xfny6/d78vmqbvifPwRO/YC9CUgCwbPePfQ/fn5SBOX8gazsjmn/p36fm8wSbfnhChTJWt26XrGLGfnNh1vtQkr8/LfiYdA4y67y70HadXrz3xQKbfSTdom9Tdt/Ww+Q8DsJWti4FG2Wnr0sAjbdB12Xba/P43168f8sikC/7T5w00l5SV9IMFdu8T3Vds1xCc+CjeP/3xvjv079Oj/VVAT96D93d/2d5fp6FKQEtvYxBsoCyOvlmozP1uYLNrg4FQXt6lBzKayGEH9HpeRdM82NLz+hXd/9gHFEIDO6GBWUCvfZJVPVQhAvERPEnz+KB5AXK4r+/gRL0MOX6wgwd5D36Sv916mDTlt+fbB0LS5bT3ESYnObFftikQMufkBcq01BlFxxLAlIrg8TH9sIc8XCH1yJJwSJOItgnAcRpznu1QT+zq8kfA6KCfBEg6S4rtsmluyTEsC4bJXp7MzcCQrUtBXwMkkv/Y/TlHo1obktChfDzYTknrYUuWmAP0WduCP1obuI5OW9V5DXpUX6hLpQnHpK2JexsFSHM2SFvsVtqg/CoPwXRAzOaV31JGqFvszLXh0L3NbVLnfVnJ16skXpJMT8UmX68S4Kh5YlVgqgNs/h4/e55hTh74oG1Y4jUQRpE5X5ctQ9eV29f1RPm1/RQx5OXiBkYt6PXe0zgEzdJ32O7EBD96LEN/73R/zwJ6Adp2WSxmqRUX0G6GuNGvlfZrz4uA+YXJ6mlb6cM2opeLoO3G8Qj0+qJ5ND73PZG7y+M32rbTICPXPLbp8RugN2YAkCiZjoCNyYc0GFyggdk0kPwEml62Nb5+9uzXEz+Btp3gF751m3ra1viEJsJkdDSRDpNmetKEX+CXbdMAQK9vgPPLtbwkC8ibbcKu+SLJLS13lmf7dFP7ueySqiytZpbLVbvi5fE2X/CTXvJV+Ur7nmDvqwffH6VFAr1/+Zd/Xs+XMAYfrJB37+mXG5v9lR/aaIH0v/zn/+QODn6r8Qc9tPL4w2HfyKtWXuBevVI9Ij+gbxs0UAZ6Mw7g2+As2IiLGhrYHg0Q6NEfwVDunrhtPk7tOjr69+7gW/9hGO4wVsNH0MBiNQDQg/gXK35AW93Qdv70uuv7G+o/AT2KeNEf3cu2K3/Unm996/8KkNfnJzo35Cucr/taQP+gf0o0ANAD6GESgAaq1EApvAjolQyQ25K31Ffb0k7YCeCBBqZrAKCHSb7KSR4X8/SLGT6Dz6ABaAAagAasBopA79Ur/3ddkMBPnf3aPTg136IFzNXVT+iP3eyP1MMAfOP/L9yPjnFN2sEXvzEhQwPQwCY0UAR6mzBwVB3+tQIvXnzjwt+Yp88AHLsJHOjXtl/l1UDqu8ujrqmpPuTPlKX/yep9ge/UepC+7Vv4Ar6ABqCBERooAr0qInr+VQH8yoVt/2D30MtOR3ToWibxLa2XX6T74SX3p0uOJm0C9Ia+tiD/iOGfL0xKWzqWYFxF5G2bNVAEelU0XEcSCJS++ok73daJHaA360RIH7c//7NLs5ZZheYrmyxHReygbeiwMt3iWga8LUUDRaBXRUSPJ5BvmheFpu4RksFFvSS0Wd6Nl5mat+63S7/RS1m5jl+4H0ldvERs7juSqIUsH6eAM2dDVG5rA9kZ2dHJH9tAb7yn9LotUX7xRcFW4ImjZfLtT/v5qcQ3SANwHV9y//TRJUcfnaey6Nuk9BfOe9v0Of390kP/JQRKH6URG3z5Um60lTRUR+iv2If6whc/Pr6bvr/Mfpv46sdvt5O5ftk2f3f45+478g+Ij7J97wdvu9d+2X57mL6RrOs/NN8m1uebuuNvGTfH2noi+1JLtxLty3w7+dsf/8q9+9MfOt5KGvvicO/HnI9Ce3y6pB5H9EUop0C7KAMTOzQADSxRA0WgV43DOKrnASm1POQBKTnJHO15MFITvk0fQMynkYlJ6rK/5TNDGvZsmakJi+uJAVT7+EePtY3fdw++8oDry+JPGxFoSr26vOPL7sH+e+5l4u/ZweUYMFK20TGBrA8vud8INL16yZ2rD8kLAMqH5SmPgB23xf8+/1DBnQfDewRCvo5Q/tGei5Zg5TwBotig84vtxi7tx8YO778XyqeS12/7QI8hKgVP7Kcfuu99+bXT4NfAkocwBVgCb9F5KoMhT4Ecf2v5ayfpqQ3ahk5+1RY+Z20VGzS4mTqbMr9m2GOfJWw41BpTdXb8LdeZXDM6rVw/PX2RKg/HMGlDA9AANDCsgSLQqyKipyaMADomEsYTtsCPSs8C8ZOMhcAoT2Iy6543wGDyROmtDfLb5BkSsC2T26/b6eFyMNoi9Q9tJVomgEXpNVBZqLPn1e8AaXRMgVoEdXTuaK+J3Mm9dikbVP7gMzomeXw54VzpbwYeBWG2PAamNrLG9foIH4OahywNgoemTIK46LyAnQYzKeenP3dXv8zbkwQ9U19jYxNhlHo7+aQ+Hbnkf7KM9q0//G+r19n6I1Mfyh+eAOAj+Aga2H0NFIFeVQLxwEZQwxPKizYyxgCUiiTQBJGDIT2BJQAsmrR0RFGWbnk70gaZqBL1RD5O1aPArr+dM0T0NNSJzfpYArg64ObThIiflMN9ccn9jKKFsiQsWw1suj6fl+vQ8ClwaI5FvtT1Tt1PgZwqowNIdE5Dkt6XfBq8/Hn+xrIsmcpWgx7l5XxdKNRtTdqTaQNHCX0dnXwpu/V1Im3JbKNrJpNG24393Z+A0MfoY2hg/RooAr2qInoMeh6sDDD1TjDriuiZiazXBklr7I4uAD4Xf4TcltkLelJHyXYA5DpQl4i+ddJoe/yyLN2/F7Vdp0lE6uS+wZBHlpjX9SCGhjJtm+ynIGqGiF5on9QTymyWivWyrk7bATbKn2qDAblOPnOe6+jTrNjpt6zX3D9cJq22H/vrnwjgY/gYGthdDRSBXlXC4Mhcs4TEwKPv9/GQZJdnxX6egBLpw5JnYjKLIMvD4ou+SWzABral7z4+jpy0EcLm3ih1P57cF9hnQ+Fk2omc2eicBkGBPPOgRQfKtE1y/11PJI4fwNDnU8vFY0BP+kz3u7ZF7il7EcN100/+IQp735vk9wAmS6CUR99PF0X3JI8FL4bF/HKslEEPS7BNPek7wEZ1StRQ8h/t+Ycu2iXnTr4U6GX+UWKbpG1cX3NPZPIaDH2h9K3zYj//jw98A99AA9DAgAaKQK+KiN7AcmaYcDxohRcqq6VdStPAYfvEa4A8cuAQ6FGaMFm1ZYSHIqQTBmxgW0179MQY2/gL9yNKO3bpVmwo2EZPufplVX6AQsoUUPPn5Mna8ERtCsokr2wVIIYlXFm6TQFcYimX/eihU8roRAlDf+XvL2v+AUiAHtkqoCRLqubhC1lSDcuvGgpTwGRBj+pgeGufyqWy9D1+737ZQhm1mWFS7tXzsBnqD3aqPJ006pyA35DdAsRKh+x/6U/ZJq4hnU60rfWuz2N/d6MN6Fv0LTSwXg0UgV5VnUPQs8ZoVlVtlclzk9sxkLZJe1BXPf/F9kWiqZ/GRP38PzgAvfUO+IsfxzBu1DNuoC821hdFoFdFRM+LBff/rHmCyEXOcLFu7GKtepJmUEsvvUa3OWT00rndIpOuah/AZlwL0AA0UKEGikAPg+6a4aomwSQegkD/L6j/x2gxFVVX984m9RJuZ8gvoSfzjbEHaTDpQgPQADTgikCvpogeJgNABzQADUAD0AA0AA1AA7EGikAPzoydCX/AH9AANAANQAPQADRQkwaKQA8RPYi5JjHDFugRGoAGoAFoABqINVAEenBm7Ez4A/6ABqABaAAagAaggZo0UAR6iOhBzDWJeSVb+NUf3adF6UlRvOoD+l5JU7j5Gw8AQAPQQEUaKAI9DIKYCLdaA/LS5NT7F/274aIXZ1d04W613+FHTILQADQADWxMA0Wgh4jeCqBX+/voUl9o2NELcvD9bj3vhgNoraD9HdURtAAtQAPQQM0aKAK9mhtWrW21v49uKaA3MmLHL/JNRfwALRv7b7TaaxkagAagAWhgCzRQBHq1RPT+9M8uud/Qh+71903l+6jSCSO/ocpl+W+1cpmSn7a6/I8uufAN16M9x9+B/YtLLsqvbEh9J1a+w6q/F8tRpheZ76uSDfKC2RR8JL6/yt9GVW3gD9WH757+yr32J/vNhcqAF39XVb6TevXjt8ddzPztVCrzh+57qTq8HbENX7tQvuT/+OeO6/7lj913Pv5Vs//TH7Y22G+06nNUxwg/HFK0buj7rFQWR/UyL/Plc9/gXj6lL0AZIhvQADQADdSlgSLQq6UzCaLOP7zkfiNgZb/L6pdLU2DGbTi+5H72oS+DgJEmLrPEKgAXoMycDyAnNpjzUT1/5utITJAloMcftbfQo+poAEt9uP4HBFQK9ihtSUQvAFhbJtv0yx+7bx+3QPk9DY7aBslP6QU8qT2cxtvt07Rw+LZ77Zdfu3dVu4f8QH0xOlLHkb/uwxrcnwC9Fr6Vztg3+A3fQAPQADRQhQaKQK+KiJ6HtAB5JCwDehJtCxOQgJ0Al0T7BNKoDA1qel+E66N7P3t1n+sjUIxsSOXx9XAeKWfGLQPOlwrkdNk+yhVF+PyxAE2UfgbQi+rQkKbtkX0PbpxH72s7eN+3i8rT4EjlmDp6/UDp/UMYo56qHbnEG7Ql7cK2igEO/VJXZAH9gf6ABjavgSLQq6LDDNSxTfqY3pfJ10KY//1Pf+yjTpLObyWaJ0utsg3AlqojdS+eh8MQFTT1zOHPBnL8EqwGIomWhSXVdpl2o6CXWFalZdqxoGeXfWV5+V0DuFk/kM8BeoCwNVx7c1y/KGPzkyB8Dp/vugaKQK+KiJ6FNhrANVAlzssyawAunT4xATDoyZJu4rxE/0J5R3vNvXomD5ejo4apsuY6JkAlS5qpiF6qLh1JS53vO6YjcpIuFW1LAOhY0OPonc4v9eS21g8+3SxLt7k6cRwgCQ1AA9AANFCJBopArwoKtpEzG50z0TaBPL3MOgRyEtHTIKfb3gE4uzTsO7uTLiGCknv0tE20z1EtAb2jPde5Ry9R/6GHtSjKl0qXOjYEegnoksjbaNBbwT7rB/ZT30MWum196fw9ei9SD8boMrCPAR8agAagAWjggjRQBHo1RPQEwmQ5lbZhSdU7NUojT+dKZC0DZRaaAiDKE7mqntQ9gP/00SXXWQr20BlsNRE/qnNl0BOI0kuzichXd+mzfXAitJmjcJml3T6hDoEe5eWIoS77h/wwxWjQozJ8Pe2yrXoYY6QfDkfee9cb+ZMnoF9knsrt8xXOYdCHBqABaAAa2IAGikAvgMEGDE3WNRLSknkvymbUW82F3UB1D6T1RfOoH+XLGgC9avoU1zrut4IGoAFoINZAEehdeETPLMuic+POhT8G/CGgllp6HRPx8xG9UU/vAvABg9AANAANQAMXoIEi0LtwkPD34+Xunbtw+y6gQ9fWZrOcGy2b8nJx5rUutfuAYa/7njyK9vUBHC/pvsDLktemt9p1A/swYUMD0MCWaKAI9C48orclTsZkOBBZQz9iwIQGoAFoABqABtaigSLQA8AAYKABaAAagAagAWgAGqhXA0Wgh4hevR2Liw59Aw1AA9AANAANQANFoAcBQUDQADQADUAD0AA0AA3Uq4Ei0Ksuope5sR4CrFeA6Bv0DTQADUAD0AA0sD4NFIFeNR0jr8l48Y17IX+pV2aseqOnLX+Vso+vuIdPr7vzsyvuUO9rmw5O3Mv999Tfibt77L+/e3zZPYjOSbpXw82bpwen7uX+G+5U8uiya\"></p>', 'abierto', '2021-03-31 00:03:32', 1);
INSERT INTO `tm_ticket` (`tick_id`, `usu_id`, `cat_id`, `tick_titulo`, `tick_descrip`, `tick_estado`, `fech_crea`, `est`) VALUES
(18, 1, 1, 'rico rico', '<p>esta lloviendo afuera</p><p><img src=\"data:image/png;base64,iVBORw0KGgoAAAANSUhEUgAAAnoAAAHcCAYAAABBBwdiAAAgAElEQVR4Aey9z4slSXbnO3/Fe2/x9GYmI4iOCC00aNPkDAPFa1AlqCkoFdVIgxTkVDVVoQRtiiS1SNGZkiioLiWdyk1RFKIEtVDTkJOvOzaqRW4auiETRMJQm6KzRw8qkSK1qketMheNPc5xO+bHjpv5j2t+b9i9/l0E7tfdfhw79nWzTxzzH//u8GjP4Q8+gAagAWgAGoAGoAFoYPc08O/QqbvXqehT9Ck0sOeePfs1/8EXuB6gAWhgyRoA6CGiiYguNLCTGgDoYXJf8uSOtkP/ogGAHib5nZzkReDYLnewE9A7OPgtR3//8T/+7zvzR+351rd+yx186z/g+sUYDg1AA70aAOhBIL0CASgtF5S2ve8F9P7Lf/5P7sqr/3Xn/qhdR0f/HrCHMRxjODTQqwGAHgTSK5Btn+xh/3JBlUDvX/7ln3cO8DS0EuxRdA86X67O0ffo+yENAPQAepgkoIGt0cDpg1+7rx58P2/v8SX3Tx9dcj97dZ8fxPjXf/1/dxr0CPoODv7Pxh93f+FePP4w7xvR+fGH7vGLb9yLF9+4x3f3h9NLPmzhK2hgKzVw4aB3enDqXu6/4U6PMwPO8WX3YP899zL8vZp2dEjXU9ZcIv2TH7urX37t3vV/Vz9+O23TXPVNLef4h+57ZNsvf+y+nfPr1DJHpn/7H3/b/cNX/u/Jofv9TP2///fH7h++OnZ//t8z/T6yvqH/ZC70/PG++/Mnv+3+occPWfv++tD9w1eH7u2M/7L5avTbFD/0tJsg78WLX7gfpXzyx5fcbz6K//6/f33qpoHet93nf0NlHLu/m7zU+7vuf350yf3P09Il4mk2/N1fXnK/ufl/NOPP8ffdg6++6Qfhoz33o8ffjAPCGrUEm+qaa9AfW9Ef9YOeEtJdhr0LBj0Ped/7wcUBynd++rV796c/zAvsAkFPAIRBrgdwikDPg8PHf39xfXB4fOA++Oq33Qd/3WPDFMBROmcf9gCP+HjMlsH7Hw/yWrH1ruP3FD/k2n36E/fVi1+7B6ddf//pnzWAR1E82j//s0vc3q++ikHv5o0D95u/+R13Mwtx0yBLL6Fe+W+/4/5tJUC0YDjFhibtv17zoEd9x37qidR5GEQkD8t9Y8YPpNkNnewO6K1jgkqU+e2Pf9UPWYk8s14sx2+71375tbtI0BzTniHQG1NGNs22gF6JFnLAM7HMKkBvis2ZdmejUMeX3M8+9HDn9wn4SDsW9Cj69W83vr2epdzT4wGItEA3x2+KIh64/+c7/1sE8hz5/Oon6VUSv2wL0NuNCTw7Rk655pA2un520adloHf8qnu8f+oeHNK2XV59fND+192JwnGe95ykkaXbu7yEK2Wkl187ZXmBNsf78x76etslYLK7tXNU53rISi7V/uDn8VKpTUvnv/y5+0607Psr99qfGBs4XbssHJZfo3zq/Jdfu2CPzpuL+Em0Lyw9/9x9R5bCuA6yyS/9+jSrQGUW9Hgil+XdzNJtlEYtfUpkSJaG9VZHDzvp4nrYNopy6XrGRr18JC8sT2sbVBmjlrD/+6H7WOfXS7UWeMRWVcehya8jnFH9uTr6BvjgQ7V8LMe0r/vKONpzkR2ZfFEatlXVSeUznKSjeYce7n7z4SX3p69ecue09XpuQO+feUnVLuvy77/83Qb6OBrnl337In4Ec3p5WKXlJdS//F3HW0kj5WcjiAr2Rtkg0T69RH3s/vZSDHpNVC/nr+b+PIAeQG/UnDdwfaOM7dDRDKBHgNVCUwNuJ+6uH2w7cJYEPSrDL8n6888OLncou1OWEaFAY+d+v54yRwlVA1QApAa2BLI6y6keqAIkhTI83FkQPNpzHC38MgF/up1cjoIzOUf1Cdzl0thlZ29DWAZWMCl2d9ol9Q1ss6An+RhSYgDjvsgdl3y09cChwUb34+///WF07x+DhIIMtk0DxZhlWF0/2zBi6fZoz2X94CEtu/SrQY/3ja9sft8G6xNuu4ZD246+3wJ2Pr/1o/b50H7OD50ydbvFNnrIIHdvHqUhwBO4+otm2ZbsiSJ6DFIH7vP/puCKAezb7vO/9Mu52TT/1fGy70ep/FSeAjCBO4bCsff6jbGhuQfwN1L+q96mv/kd964Fvb7lWV7azdznKP7GtjP3DOkb57cDeJbaT7OAnkTn2IkMVS34deAsCXpxBK8Btu69eJ2yzICUA73c8cmdHiJeJgqXgLZDk7YDcTaPSZ+zbczSMaexD2LY+rzvorQeRgXyyIaLAb3fdhZYIn8MgF6Ultpp4KEBPRU1mloelTkSDnsBpw/AvM1/nnlohcs1+VN1FYGebuc/lj0ckrKt8aEBWNNX1Je9S5FexyGy54GPlm8j0BuztJqDsx4AbO7TsxDmwU9BWXQ/X1+EL2ND6v5CiSLSi6AjzaceypAnbXNLuuJHbGNfwh/wxw5oYE2g1y7NduBsNOjF8EcDWacs0wE5oBvKFw2SpszoHIGQBShKb6N3Ep1TaTvAxHna6F0EXDkbMrAW2ejhTCKN4VwGJDU4dmzw9WnwC+XlbPTHkxO7ztMXufPRKlke7US9hsDM5G/KacFu0DZtZ26/BPSG7Kc6GXj8ErcBOuoDBrhoSTb9pHMx6ClbOv2Q803ieNLnKQ2sCno+qndPLeX+m3oYQ6CoD7gYphJwloKsqBwBwRuytJuL/NloYvd32oYGHOP7C9unfEeBnvQJInoAF9ECtovRwvygd/iGe6aWcjuQNQL0Onm8IHPHBT5yoJc7LvnGbjuwJhcKQ5RaTvXgF5ZEU8Bk8mTLljpomwDKju25NCnQ82kFCskG2edy+XwLo526tG1mPzmx6zSpSV6fl32e+E3Upw+UUkuYBh4GbZO6+7YloCeglgC44GNlM7+ixaTlNphjIa+yuxj0pJ/+mu4nNP2g6knVrY8lfS5l61fsqHaH/ENLt0d7/LTtb/yy7b2/uORov43opUDJQlY+zRAkahDktOrevQgI+yJ5soz8N6kHRlqok/K4Tr+UnAO95H14eBhjMZN7uH4mXKfIs5tL0LODXgNjbTQugqzwrrs24hedJ0EyKLbntfBWBT0pM3Xfny6/d78vmqbvifPwRO/YC9CUgCwbPePfQ/fn5SBOX8gazsjmn/p36fm8wSbfnhChTJWt26XrGLGfnNh1vtQkr8/LfiYdA4y67y70HadXrz3xQKbfSTdom9Tdt/Ww+Q8DsJWti4FG2Wnr0sAjbdB12Xba/P43168f8sikC/7T5w00l5SV9IMFdu8T3Vds1xCc+CjeP/3xvjv079Oj/VVAT96D93d/2d5fp6FKQEtvYxBsoCyOvlmozP1uYLNrg4FQXt6lBzKayGEH9HpeRdM82NLz+hXd/9gHFEIDO6GBWUCvfZJVPVQhAvERPEnz+KB5AXK4r+/gRL0MOX6wgwd5D36Sv916mDTlt+fbB0LS5bT3ESYnObFftikQMufkBcq01BlFxxLAlIrg8TH9sIc8XCH1yJJwSJOItgnAcRpznu1QT+zq8kfA6KCfBEg6S4rtsmluyTEsC4bJXp7MzcCQrUtBXwMkkv/Y/TlHo1obktChfDzYTknrYUuWmAP0WduCP1obuI5OW9V5DXpUX6hLpQnHpK2JexsFSHM2SFvsVtqg/CoPwXRAzOaV31JGqFvszLXh0L3NbVLnfVnJ16skXpJMT8UmX68S4Kh5YlVgqgNs/h4/e55hTh74oG1Y4jUQRpE5X5ctQ9eV29f1RPm1/RQx5OXiBkYt6PXe0zgEzdJ32O7EBD96LEN/73R/zwJ6Adp2WSxmqRUX0G6GuNGvlfZrz4uA+YXJ6mlb6cM2opeLoO3G8Qj0+qJ5ND73PZG7y+M32rbTICPXPLbp8RugN2YAkCiZjoCNyYc0GFyggdk0kPwEml62Nb5+9uzXEz+Btp3gF751m3ra1viEJsJkdDSRDpNmetKEX+CXbdMAQK9vgPPLtbwkC8ibbcKu+SLJLS13lmf7dFP7ueySqiytZpbLVbvi5fE2X/CTXvJV+Ur7nmDvqwffH6VFAr1/+Zd/Xs+XMAYfrJB37+mXG5v9lR/aaIH0v/zn/+QODn6r8Qc9tPL4w2HfyKtWXuBevVI9Ij+gbxs0UAZ6Mw7g2+As2IiLGhrYHg0Q6NEfwVDunrhtPk7tOjr69+7gW/9hGO4wVsNH0MBiNQDQg/gXK35AW93Qdv70uuv7G+o/AT2KeNEf3cu2K3/Unm996/8KkNfnJzo35Cucr/taQP+gf0o0ANAD6GESgAaq1EApvAjolQyQ25K31Ffb0k7YCeCBBqZrAKCHSb7KSR4X8/SLGT6Dz6ABaAAagAasBopA79Ur/3ddkMBPnf3aPTg136IFzNXVT+iP3eyP1MMAfOP/L9yPjnFN2sEXvzEhQwPQwCY0UAR6mzBwVB3+tQIvXnzjwt+Yp88AHLsJHOjXtl/l1UDqu8ujrqmpPuTPlKX/yep9ge/UepC+7Vv4Ar6ABqCBERooAr0qInr+VQH8yoVt/2D30MtOR3ToWibxLa2XX6T74SX3p0uOJm0C9Ia+tiD/iOGfL0xKWzqWYFxF5G2bNVAEelU0XEcSCJS++ok73daJHaA360RIH7c//7NLs5ZZheYrmyxHReygbeiwMt3iWga8LUUDRaBXRUSPJ5BvmheFpu4RksFFvSS0Wd6Nl5mat+63S7/RS1m5jl+4H0ldvERs7juSqIUsH6eAM2dDVG5rA9kZ2dHJH9tAb7yn9LotUX7xRcFW4ImjZfLtT/v5qcQ3SANwHV9y//TRJUcfnaey6Nuk9BfOe9v0Of390kP/JQRKH6URG3z5Um60lTRUR+iv2If6whc/Pr6bvr/Mfpv46sdvt5O5ftk2f3f45+478g+Ij7J97wdvu9d+2X57mL6RrOs/NN8m1uebuuNvGTfH2noi+1JLtxLty3w7+dsf/8q9+9MfOt5KGvvicO/HnI9Ce3y6pB5H9EUop0C7KAMTOzQADSxRA0WgV43DOKrnASm1POQBKTnJHO15MFITvk0fQMynkYlJ6rK/5TNDGvZsmakJi+uJAVT7+EePtY3fdw++8oDry+JPGxFoSr26vOPL7sH+e+5l4u/ZweUYMFK20TGBrA8vud8INL16yZ2rD8kLAMqH5SmPgB23xf8+/1DBnQfDewRCvo5Q/tGei5Zg5TwBotig84vtxi7tx8YO778XyqeS12/7QI8hKgVP7Kcfuu99+bXT4NfAkocwBVgCb9F5KoMhT4Ecf2v5ayfpqQ3ahk5+1RY+Z20VGzS4mTqbMr9m2GOfJWw41BpTdXb8LdeZXDM6rVw/PX2RKg/HMGlDA9AANDCsgSLQqyKipyaMADomEsYTtsCPSs8C8ZOMhcAoT2Iy6543wGDyROmtDfLb5BkSsC2T26/b6eFyMNoi9Q9tJVomgEXpNVBZqLPn1e8AaXRMgVoEdXTuaK+J3Mm9dikbVP7gMzomeXw54VzpbwYeBWG2PAamNrLG9foIH4OahywNgoemTIK46LyAnQYzKeenP3dXv8zbkwQ9U19jYxNhlHo7+aQ+Hbnkf7KM9q0//G+r19n6I1Mfyh+eAOAj+Aga2H0NFIFeVQLxwEZQwxPKizYyxgCUiiTQBJGDIT2BJQAsmrR0RFGWbnk70gaZqBL1RD5O1aPArr+dM0T0NNSJzfpYArg64ObThIiflMN9ccn9jKKFsiQsWw1suj6fl+vQ8ClwaI5FvtT1Tt1PgZwqowNIdE5Dkt6XfBq8/Hn+xrIsmcpWgx7l5XxdKNRtTdqTaQNHCX0dnXwpu/V1Im3JbKNrJpNG24393Z+A0MfoY2hg/RooAr2qInoMeh6sDDD1TjDriuiZiazXBklr7I4uAD4Xf4TcltkLelJHyXYA5DpQl4i+ddJoe/yyLN2/F7Vdp0lE6uS+wZBHlpjX9SCGhjJtm+ynIGqGiF5on9QTymyWivWyrk7bATbKn2qDAblOPnOe6+jTrNjpt6zX3D9cJq22H/vrnwjgY/gYGthdDRSBXlXC4Mhcs4TEwKPv9/GQZJdnxX6egBLpw5JnYjKLIMvD4ou+SWzABral7z4+jpy0EcLm3ih1P57cF9hnQ+Fk2omc2eicBkGBPPOgRQfKtE1y/11PJI4fwNDnU8vFY0BP+kz3u7ZF7il7EcN100/+IQp735vk9wAmS6CUR99PF0X3JI8FL4bF/HKslEEPS7BNPek7wEZ1StRQ8h/t+Ycu2iXnTr4U6GX+UWKbpG1cX3NPZPIaDH2h9K3zYj//jw98A99AA9DAgAaKQK+KiN7AcmaYcDxohRcqq6VdStPAYfvEa4A8cuAQ6FGaMFm1ZYSHIqQTBmxgW0179MQY2/gL9yNKO3bpVmwo2EZPufplVX6AQsoUUPPn5Mna8ERtCsokr2wVIIYlXFm6TQFcYimX/eihU8roRAlDf+XvL2v+AUiAHtkqoCRLqubhC1lSDcuvGgpTwGRBj+pgeGufyqWy9D1+737ZQhm1mWFS7tXzsBnqD3aqPJ006pyA35DdAsRKh+x/6U/ZJq4hnU60rfWuz2N/d6MN6Fv0LTSwXg0UgV5VnUPQs8ZoVlVtlclzk9sxkLZJe1BXPf/F9kWiqZ/GRP38PzgAvfUO+IsfxzBu1DNuoC821hdFoFdFRM+LBff/rHmCyEXOcLFu7GKtepJmUEsvvUa3OWT00rndIpOuah/AZlwL0AA0UKEGikAPg+6a4aomwSQegkD/L6j/x2gxFVVX984m9RJuZ8gvoSfzjbEHaTDpQgPQADTgikCvpogeJgNABzQADUAD0AA0AA1AA7EGikAPzoydCX/AH9AANAANQAPQADRQkwaKQA8RPYi5JjHDFugRGoAGoAFoABqINVAEenBm7Ez4A/6ABqABaAAagAaggZo0UAR6iOhBzDWJeSVb+NUf3adF6UlRvOoD+l5JU7j5Gw8AQAPQQEUaKAI9DIKYCLdaA/LS5NT7F/274aIXZ1d04W613+FHTILQADQADWxMA0Wgh4jeCqBX+/voUl9o2NELcvD9bj3vhgNoraD9HdURtAAtQAPQQM0aKAK9mhtWrW21v49uKaA3MmLHL/JNRfwALRv7b7TaaxkagAagAWhgCzRQBHq1RPT+9M8uud/Qh+71903l+6jSCSO/ocpl+W+1cpmSn7a6/I8uufAN16M9x9+B/YtLLsqvbEh9J1a+w6q/F8tRpheZ76uSDfKC2RR8JL6/yt9GVW3gD9WH757+yr32J/vNhcqAF39XVb6TevXjt8ddzPztVCrzh+57qTq8HbENX7tQvuT/+OeO6/7lj913Pv5Vs//TH7Y22G+06nNUxwg/HFK0buj7rFQWR/UyL/Plc9/gXj6lL0AZIhvQADQADdSlgSLQq6UzCaLOP7zkfiNgZb/L6pdLU2DGbTi+5H72oS+DgJEmLrPEKgAXoMycDyAnNpjzUT1/5utITJAloMcftbfQo+poAEt9uP4HBFQK9ihtSUQvAFhbJtv0yx+7bx+3QPk9DY7aBslP6QU8qT2cxtvt07Rw+LZ77Zdfu3dVu4f8QH0xOlLHkb/uwxrcnwC9Fr6Vztg3+A3fQAPQADRQhQaKQK+KiJ6HtAB5JCwDehJtCxOQgJ0Al0T7BNKoDA1qel+E66N7P3t1n+sjUIxsSOXx9XAeKWfGLQPOlwrkdNk+yhVF+PyxAE2UfgbQi+rQkKbtkX0PbpxH72s7eN+3i8rT4EjlmDp6/UDp/UMYo56qHbnEG7Ql7cK2igEO/VJXZAH9gf6ABjavgSLQq6LDDNSxTfqY3pfJ10KY//1Pf+yjTpLObyWaJ0utsg3AlqojdS+eh8MQFTT1zOHPBnL8EqwGIomWhSXVdpl2o6CXWFalZdqxoGeXfWV5+V0DuFk/kM8BeoCwNVx7c1y/KGPzkyB8Dp/vugaKQK+KiJ6FNhrANVAlzssyawAunT4xATDoyZJu4rxE/0J5R3vNvXomD5ejo4apsuY6JkAlS5qpiF6qLh1JS53vO6YjcpIuFW1LAOhY0OPonc4v9eS21g8+3SxLt7k6cRwgCQ1AA9AANFCJBopArwoKtpEzG50z0TaBPL3MOgRyEtHTIKfb3gE4uzTsO7uTLiGCknv0tE20z1EtAb2jPde5Ry9R/6GHtSjKl0qXOjYEegnoksjbaNBbwT7rB/ZT30MWum196fw9ei9SD8boMrCPAR8agAagAWjggjRQBHo1RPQEwmQ5lbZhSdU7NUojT+dKZC0DZRaaAiDKE7mqntQ9gP/00SXXWQr20BlsNRE/qnNl0BOI0kuzichXd+mzfXAitJmjcJml3T6hDoEe5eWIoS77h/wwxWjQozJ8Pe2yrXoYY6QfDkfee9cb+ZMnoF9knsrt8xXOYdCHBqABaAAa2IAGikAvgMEGDE3WNRLSknkvymbUW82F3UB1D6T1RfOoH+XLGgC9avoU1zrut4IGoAFoINZAEehdeETPLMuic+POhT8G/CGgllp6HRPx8xG9UU/vAvABg9AANAANQAMXoIEi0LtwkPD34+Xunbtw+y6gQ9fWZrOcGy2b8nJx5rUutfuAYa/7njyK9vUBHC/pvsDLktemt9p1A/swYUMD0MCWaKAI9C48orclTsZkOBBZQz9iwIQGoAFoABqABtaigSLQA8AAYKABaAAagAagAWgAGqhXA0Wgh4hevR2Liw59Aw1AA9AANAANQANFoAcBQUDQADQADUAD0AA0AA3Uq4Ei0Ksuope5sR4CrFeA6Bv0DTQADUAD0AA0sD4NFIFeNR0jr8l48Y17IX+pV2aseqOnLX+Vso+vuIdPr7vzsyvuUO9rmw5O3Mv999Tfibt77L+/e3zZPYjOSbpXw82bpwen7uX+G+5U8uiyab9TPpVx6h4cqm/8duppbbibrL+x4/GBKsPWi9+hj6q5ZtAn6BNoABqABhahgSLQqyKi5993xq/C4Pea9bwAdwZR934poa98D3dffHI5gB7v+zwNpBno0uV5AHt2cDkrzHGg14JbBzoC5ClYPH7VPd5vYZLzjLClU7ZuC/azfQi/re+/WvgWvoUGoIElaqAI9KpwGH+9wL8HjUDvq5/kI1ozAMbqoHfZffboumtAT+17m5pomQEqbe8IuCoFvSZ/DwiKPSNsqUIbYi+2AEtoABqABqCBhWqgCPSqiOjJ90ZpOZWgL7OsKt+QzS7tygfqZen3xTfu8d3ucuTKoDcgsAb0LjCiNwXepqQdaDeAEP9hQwPQADQADUAD69NAEehV0zEa0lKgx+d7lnT5vPo6Qs/nr5Kgd/iGe5a8f60H3CwAeXhq7tFL5IvOy/157zm9lDsuotfmberyETxeoo3Ly/YvQA//GVv94jc0AQ1AA9BAlRooAr0qInpKWAxhPiIXfb7Kg2AqQkcwQ/mi9FNBT9mQhaOxaSKg0/fKNQ9jaLCzdY0DvczSLECvygvU9jF+r++/XvgWvoUGoIFd1EAR6FXlEP9kLMFcs0yrInQEWTrq90Kd8/mKQG+OiJ4FQQteI6JoZaA3DJKhv0fYEtLaduE3gBIagAagAWgAGtiYBopAr6qIHgObeihDw5wRVAOCfil3DtAz5c8FOdEDGiPgqgj0jvZcU5+KIubaNcKWuXyAcvAfNjQADUAD0AA0sLoGikCvKsfzcmsDb80S7tA9ee15Bj95Wtcv29JDG6ml3uQ9ejkgKjnuo4Th/XQj4KoU9A5DZFI9/YvXq2zsv66qrqcS7SIvNAMNQAPQQDUaKAK9KiJ60ZKsf2GyQJsXWueJWxvt81E9eSL38d3vuwdfKdCTJ3vVE7mc1tSz8kTtIS5+WfJ7LkAetSOT5qV6x10DepmHLaiMUS9Mpvfm6TIS9/SNgM6VfYHBoZrBAX24+n/Q8B18Bw1AA7VooAj0amkE20HAl3ridhVw6HkYo6o2r9I25AFIQQPQADQADUADi9FAEehVEdHzYuWoHUBvMcIFcOO/ZWgAGoAGoAFoYFgDRaC3sw5GRA/AiP92oQFoABqABqCBHdBAEejVFNHbWejcAZGhb4b/44KP4CNoABqABqCBdWigCPTWYRDKXLbQv/vd33MffPBX7qOP/tZ9/vnZzvxRe6hd1D5ofNkaR/+j/6EBaGCTGigCPUT0INY5xUoQRED0h3/0BzsJQ9Quah9gD9fNnNcNyoKeoAFooE8DRaDXVzDOQXhTNUARr12FPPEFtY/aKb+xxXUCDUAD0AA0sE4NFIFeDRG9GmxYZwctqWyKdi2hvUtp5xL6Em3EBA0NQAO1a6AI9Gpv3CLtOz51N284d//GmXvteH8aOL3+xN2//cS9MzXfTA+MfP75z8bbe3zP3bnt3P1r98bn8Xa+c221fB09vXLmPr3t3Kcnp4M2vHbyPPTJpHbO5NuO7Sh3sM/gM0zg0AA0sAsaKAK9GqJpNdggQpgNIHKTsIe4XrCoAPRW9UMAIAao5+7mKz2gCtADqOSuExyHNqABaAAaCBooAj0BHGyb/3pWBZzR/hsDeiXinimit6ofJoFeQTtXtW90PyVsQ0QPkYES/SAv9AMNQAOraqAI9GqIptVgA4MDLSN2/vwyKEeonribtHznlxslT290ToBBonSd8uMlWimT68gt3UokLJSlImcW9Pi3Wea0+dXSaVR/KJ/8Mm45+PP/8b94KbTrR7U8an2h6o8uArFd7FD+YDtVPrH7zus9EUTpC9oaHyT70NpJdngbAtDqMrEf/vuM+hF+gV+gAWgAGijSQBHoYUCO/8OwABH84+/l4vvJPIAQHOgoT0jbJ+iREb1suR5QkmBC9WrQ430FgXTe5heYUdBE7cj6oa9tR3suANCYpdu+elK2q7q1fbyvIHBUP0hZuf5I+EX3SWinlINt0SA2qc/ga/gaGoAGFqaBItCrIZpWgw0y0WiAkGO81eBiYWoKZOTAwohWQ4W2I3c8pPG2NZFHA2U1HFMAACAASURBVHlUB5239ur2eDuyfjB2hnr98QBA2l89eZL1jPBRk+9s9YdWxKZcXWx/HMXUvg/tlHKwxcQDDUAD0AA0sCYNFIGenaiX/jsJHtRxGlw0GKXAqa+jc2Bh8mio0H2StU/ys21+CdpE6agcLleWQqNtDDWD9Uh9ZhsASPvLpBlsj4869i3Dsn3e/r50uq7kfq4/dB97+3WfhHb2tC1ZH9JjIoAGoAFoABqYqIEi0KshmlaDDTIpZwFHg4uGgA2DnoYNsTnaBtv8K1os7I20N+uHAXEGANL+6smTrCcHX6qckI/rcW5l2MvVFfzY3vOnfR/aqWyK+gHHMZBDA9AANAANzKSBItDD5BTfo9dEvOLoFvtIg4uGgJHgpP3MkGKXT40YNFTovE1kUT3YYPJF9+jJAwca9uw9eja//531g6Q/vuw+e3TdnT+97h7eamEoANDIegKwSblR/YmlZ38+ysf9sSLs5UDPRBUbfyQexji+4h4+JT9cde9f0LsLI30YP+JcfH3DH/AHNAANbKMGikCvhmhaDTaEjvcTf/vUqIe+GUFPHogIdQj0CZhFS6qJJ159FCvkv62ASEMoTfohrYLXVD0aBilfzg8CEkOgR+k8gImd4QGSYJN5yln84OsIcCX+UOcj0NNL0rYdYq/dGtvExujlzToN1U2/vQ0BaI/23PtnDfB+8cll/Pdq/Yzf0AQ0AA1AA8UaKAK9ADjoiOKOgC/VU7c7ricNeoe3rnYim9ACogbQADQADUADc2mgCPRqiKbVYMNcnbH0cpbyDdjQzhDZxNLt0rWP9mNShwaggXVpoAj01mXU0srlpURZYkxtxy4pbnkk7IMP/sr94R/9wYVGR9fdF9Q+aqdE8s4fvenewv15F9rnSxtv0F4ABTSwLA0UgV4N0bQabMBFM89F893v/p6jaNdFw966+pPaRe2jdq6rDpQ7jxbhR/gRGoAGdkUDRaC3K05AO+q5oAmCKOJFQPT552c780ftoXYB8urRGq579AU0AA0sQQNFoFdDNK0GG5YgFLQRAyI0AA1AA9AANLB9GigCPXT49nU4+gx9Bg1AA9AANAANLEcDRaBXQzStBhtwwSzngkFfo6+hAWgAGoAGtkkDRaC3TQ1djK3ysmL1guDRbeeX/KqXI2/5U7yj251rp3/p8eAn0nJfyMiVi+N4GAUagAagAWhgQxooAr0aomk12CBAYb+4IMdn244BigpAb+1+2NDFIV/nAOjhv/fZruFNaRf1ACKgAWjAa6AI9DD4xRPg2gFnDOiVXNwzRfTW7oeSNq4j77r7ZR02o0xMAtAANAANLEIDRaBXQzStBhsYbFIvOr6tv3X7xN08ee74u6jX7jnJE77h2nfBSZQuVYdaopUyuQ51PALyzrdqe75165cuo2+42vzqZc5R/ZGt45eD+Ru12vYURFkb9Pd6/bkoCjcVYM33dKOypJ9MGvL5qL6U/NguYoCNrj30OfocGoAGLkADRaCHQWxkRE+ggKDIwxNBQQdqhgSQgp5Enmy5HoKyQKKBiPcVBFI9Nr8AqII90gQDnzk2Visd222b7W/b/jlAT8pMlUXnfH8GAByyScrDFoM8NAANQAPQwIY1UAR6NUTTarBBICYLOAwGHposTOno1VDnjwSKDiz5cnPHxf4GQiXyaCCPyiDbrb26Pb6erB+G2ne014Vf22b/u2OHlJ2Cs4SNoc2SL7VNlSU2apC1NqbKwjEM7tAANAANQAMXoIEi0Bs1WV5Aoy7KrizgVAJ6WfukjxiIXFhetn5kUIyWZH1aWaL25QzWI/Ulth0YTUGUwJ7YEkHXPXfntnMh2kZ1zAx6nfalbEy0zfoTv+OIOPwBf0AD0AA0ML8GikCvhmhaDTaIMDsAIJN9JaDXgSixT7YBiE7dzRvORffmURo6byN6kldts35QacRndtuxcQiifNQtLEenonChXfvT/ptMlZVamh6ycUS7rR/we/7BDj6FT6EBaGCJGigCvSU6rK/NTcQr8eDBXKAnkDEAWx1YEtBgO3oeGtBA5CEngj0LVVKu2Wb9IOmOL7vPHl1350+vu4e3DHxpG6S9fQ86WMiyv32b75uoY18/hnMZ0IsihL6+5MMYJ2+6L55ed+eP3nRvHZt2ii+wnQbf8Bf8BQ1AA9DAJA0UgV4N0bQabGjBwEfCZElR4GJG0JMHIvjJWqpHoE/ALNSdXlaVBwlCfv3EqoGsNq2C11Q9eumULkAFP009Kj+f7wE9k5cidRQhtBG71v5M5DH44Yl7h/1vbOgZKBpQFf+122CDAlCyo2OjlN0HtJIG20kDVrjW4Df4DRqABqCBURooAj0MugiDQwP9Gnjrk2vu/Ok199kJInrQSr9W4B/4BxqABtahgSLQqyGaVoMN6+gYlLkDF/zxFfcQS7ej/uOE3ndA74iuQOvQQJUaKAI9DM7zDM788EJYamyXCsPypF0axcW02sWUWnY2fo+e1i3wcxPJu+7Oz66sZmtB3bgu57ku4Uf4ERqABnZBA0WgV0M0rQYbdkEIaAMGNGgAGoAGoAFoYPc0UAR6EMTuCQJ9ij6FBqABaAAagAZ2RwNFoFdDNK0GG3BB7M4Fgb5EX0ID0AA0AA3skgaKQG+XHIG24MKGBqABaAAagAaggV3TQBHo1RBNq8GGXRMF2oOBDhqABqABaAAa2A0NFIEeRFChCOSFw/Ii5SlPb9oXJk/Ju4tp2R/mu7mpdnqf6xcq49qo8NpI9R2O4alwaAAa2HENFIFeDdG0GmyQSb3kG69SRu92DFBUAHpr98OIi3IWGwB6mABGaK33mkV+aAgagAYuWANFoIcBLo5azAIXfYIYA3p9+YfOzRTRW7sfhtohnyjb1PsH190vI9qLazG+FuEP+AMagAaggUYDRaBXQzStBhsYbMyLd6NvvPpvrd48ee74+LV7/P1W+U7qoBglSpeqQy3RRnao41H5nZcGP3c3X/Gf57Kg5yNa9zUw2fzqXFR/ZOv478yyrYn2Ri8ytjbIN4UF8KK65QXUE2zg/pJ8maVbk2Z0XwLa8N89NAANQAPQwAY1UAR6EUBs0Oha681GsgQKCIo8PNH9XK8R+OWALOXPkZGjbLkekLL3kmnQ430FgWSPzS9ApmCP+ibrh1Sb7LFMmbrP37mmoC2TvsgGscm3N4JMOuf7Mxwf2S+6DdhHtAEagAagAWhgExooAr0aomk12CAdlYULBgMPTRamNgh6WQAUsPG2NZFHA3mUhs5be3V7fDlZP0g9fdtEeeLf3DbVriIbxL4M6HF9Gm4BevjvXDSDLbQADUADlWmgCPRyE+9Sj2fhohLQy9onomTI8kuWGmT8eQacEcuig/VIfYltCto6etJ2ij0GQEtsCPVlQK9TNkAPA3tCy0FHOAd9QAPQwAVqoAj0aoim1WCDDOgdAJCOrQT0BiEqRNNO3c0bzkX35lFb6LwBKmm73mb9IP7o2wYb/H2DNq1dNj3aSy6BF9kgdQL0MDiLFrCFFqABaGBLNVAEenpyx74HDvVgQPDJXKAn978NwFYW6DwkjbpHz0NOBHv+WDa/vwiayJ+6j85eHMeX3WePrrvzp9fdw1sG6FL16vwMgmpZ2bfJAuigDbrM3H4G9Jr7LH375B7B2851/HLypvvi6XV3/uhN99axaWeuThzHZAINQAPQADQwowaKQK+GaFoNNgSgU5N+96nbGe7Ro44XELJLlva4nLfgKWAUzitostG0kFZBW6oeu8yb84MItw/0Um28HT/5ytG6YP8T904q0jhkg9iS2DaQ2D512/RlDHLaBgI8+t0BvaF2JuoOWsI5DPTQADQADUADM2igCPQwKeGJIWigXwNvfXLNnT+95j47QUQPWunXCvwD/0AD0MA6NFAEejVE02qwYR0dgzJ34II/vuIeYukW/5HP8B85xoMdGA+gA4wFF6SBItDD4DPP4KOXAWWZMNrapdELEsvW93dq2TksATdLteHdeIU+biJ519352RUMboW+3Hrdof24BqABaOACNVAEejVE02qwARPRPMALP8KP0AA0AA1AA9DAvBooAj10xrydAX/Cn9AANAANQAPQADQwpwaKQK+GaFoNNszZISgLFzg0AA1AA9AANAANzKWBItCbywiUA0FDA9AANAANQAPQADQwvwaKQK+GaFoNNkCY8wsTPoVPoQFoABqABqCBcg0UgR46oLwDZvehvCh44OsZyXrtC5Mv8CmhpH3aHnmCdoUnkvkp5xXyDdqk7aP9kr6wZdnf0n7/1HDnZc02PX7jqT9oABqABhapgSLQqyGaVoMNAgBrBwgPDr2TeglczAR6xX7gL3KoL3akBicBnRWArdg+ssfX3/s6loG+yH6qLtXe3LExmsjlxfFFDvoyXmFb4T/quCZxTa5BA0Wgh4EiHihmAYi+Tl73pL5NoNfnp4Fzs/TTGNAbsAOgF18/GE/gD2gAGoAG5tdAEejVEE2rwQYGB/Pi3e63bp+4myfPHR+/do+/jUr7vdE5AQWJDKXqUEu0kR3qeHThSCQslKUiZxb0+Ldz93XUzOZX56L6Q/n0ImL1rVxpU2obvq3b851Z6wtVf9ROsV3sUP6woCd290bnxF7bfimftsoWKZP7W9VNNua+pXv/dtsXHQjMQX7uONnbsXVkP0hbsUV0ARqABqCBrddAEehFEyvE0MCbmuyDfwRg6JwHEAK8zmQ+5MO+SV3lzZbrJ/4sXGrQ4/0WPLgtNr9Al2mzBangB2Vj77ExS7dHe3l/p2xXdWv7eN+AWK9tUo73xRAcZvtCgC9Tdydfru+zx++5O+YfCS5zLHRLO7Hd+kF+lJ7Rz+hnaGBnNVAEejVE02qwQQZSDRByjLcaXCxMZSb6KL9cgLlJXc77bQcSBo6HurxtTeTRQB6VQeetvbo9vp6sH/z5UF/ut/ZXLk0O9Eb4qLHvzN284brt6akvsrt20Ev0i0T4huA0audYfyDdzk4S0MP8S2nwKXy6SQ0Ugd4mDd2GurKAo8FFT8ApcOqbMEdADPkpB3pZ+6ROts0vm5ooXShXL1WG/XhJcLAeqS+31f7KpcmCXhPJ6oMZts/b3peuV3OVg15SAyP109vunv5APkxe0AA0AA3Up4Ei0KshmlaDDSLsLOBocLlA0EtO/nriDradNtEuC3sjwTTrB11X3772V0+6ZD0jYCbk43qcWwn2Kge95haBGMAR0atvAJaxA1v0DTQADaxLA0Wgty6jtrVcBqnUPVAaXAJM7aeXQnvAhvzCkGKXT02eLNB5sBl1j54HGf2AgYBCNr+3I+sHsfP4svvs0XV3/vS6e3hrv7vk5eseqicAm5Qb1Z9Yevbno3zcHyvAngfKyD/GDuqvbF9QWq47Y6fWifS7ueeOr5Mc2CZ8mNTO8RX38Cn1xVX3/nGiLxJt2tbrE3ZjIoUGoIElaqAI9GqIptVgQxCOTP52SXNG0BPYap7qVfeYCZiFuuXJVRPV8bAX8qsnPTtRoJBWlZGqx0b+cn4QaBgCvQBB0gb1dHKwqT036slWBccR6AmMkd9sO8Te3NbaIvlTPuJ+UX70ZbItoc8U9BkfEvRS2gC/HlDbfkwsuVv7lA+CZo/23PtnDXR/8cnlLnTn2o7j8BU0AA1AA1uhgSLQ05MF9vGfEjSwpRq4dTUfXcVAvhUDOa69Lb32cH3h+tqABopAr4ZoWg02YJDFILu1GgjRVSzdbm0fbmCigG8wxkED26uBItBDx8/T8fHynVmSXGVJEQP/yv8lLqovfCTv/NGb7i3cn7eyZjAOzjMOwo/wIzSwHg0UgV4N0bQabIA41yNO+BV+hQagAWgAGoAGyjRQBHpwfpnz4T/4DxqABqABaAAagAbWqYEi0KshmlaDDevsIJSNAQAagAagAWgAGoAGVtVAEeitWinyQbDQADQADUAD0AA0AA2sXwNFoFdDNK0GGyDU9QsVPoaPoQFoABqABqCB6RooAj04fLrD1+4zedFu5uW4vfWbrzH0pr3oJ3vlpcTykuIJ9vCTtSvky/rD+zy8zHiCLdky5yqjRA9z2YBy8EQvNAANQAMXpoEi0KshmlaDDTJZzw4Q9sIYAxQlE/tMoFfsB/6ig/pKhPUD/QbojRs0SvSQ8juOjfM7/AQ/QQPQQCUaKAI9ARxsm8heMeAMiWIM6A2V0Xd+m0Cvrx0D52bvp3X3y0B7cP1VGFlHn2GShwaggUo0UAR6NUTTarCBwSF8r1S/8Nh/25QjVE/czZPnjr9Neu0ef7eU9kct90lUJlWHWqKN7FDHIxCQSFgoS0XOLOjxb/MNWJtfLYFG9YfyyR/db7xGNsnFYL/NqsoIfrK+UPVHZYrtUobyhwU9sfvO6/vjB6aErcFGao+1U9Uvdkq98r3aKH+qjNvOBRu5H6jvTt3NG6I51ZdHe0FjXL6t39t353Wdf6Qepb+wHa8X+Aq+ggaggQvSQBHoyYSF7UBET6CAoMQDCE3qrxH42Qm4Twh+cu4AgcmTLddDWja/Bj3ej8FBlktDfoEZA1sWpCbrg/1l6jZtpDKz9aRsV/l1Pt6f0gdUju/PFroaWOrzi60n20diZ8a3wZcKuKXeXJnJ41K+hscBv4W6xUZsMXFBA9AANFC9BopAr4ZoWg02yASoAUKO8VaDi4WpKZBRCHrJCV9fpN62JvKYAC06b+3V7fFlZf2g6+rb1/7qSZesZ4SPmnxnTSTMtqenPulT9qOGW1sn22+imKZNXMbthI+l/oRfpX7epqA9kyfZ79ZmqtcfCwArtmBb/UAeaQP9hf6CBqABpYEi0MPgEt8blAQPcrae5PVkTPtTQCM1OavOlP5ITux9ETApg23zy4AaZPz5Bk5kmVBvY6jJ+kHqGdpqf/WkTdbjAagPVjifX9LtSyf+tNtOvbZftB9l6Zi3MdjF/ox9mOvDYMuIdkraZFnWZvJz6liP/6V8bONxAP6AP6ABaKAmDRSBXg3RtBpskA7tAIBMkhpcLhD0khO+2EjbYJu/b8vCHp0fAaZZP+i6+va1v3rSJesZASshH9ej7nvrqUv6mLYhv6S3dXK5Mbjp/Kl9LlP7NvRF5r7BtYDePXdHL+VK+7BFdAAagAagga3VQBHopSasJR9rIjSJCV6Di57AR4KT9mkHCBIXXxboPNjIPV26XN7XtnmQuK9hzx/L5ve2ZP0gth5fdp89uu7On153D28lQGZkPR3giuqPo2e6rVE+bvNE2Iv81D7MEPziwS/ynbQ9s+30Wcr/Oq8/PyYi2SmbyrFwerTX3DOaeHDm/bOevtI2YX9rJwJ9fWAf0ShoYLc0UAR6NUTTarAhXBQywYflOg99M4KePBAhT2qGCJuAQahbllYNeHrYC/n1fWIaYGjSDmlVGal6NAwqiGjrUPn5/ADoURoPYFJGgKhgk7TPb3U0LECLSqPOR6Cn09p2kB2ZPy7D+5pso9/BRm5jC4DShtBXEhWM+sr4iMtoImwhv462DYFeqp+4Pl9PR6suH629dZWh/PzRm+6t4wSYZ3yU8x2O53UF38A30AA0MLcGikBvbmNQHgQODWxIA4mIXtb3x1fcw6fX3fnZlSz4ZvMCAuEzaAAagAYuVANFoFdDNK0GGzDJbQhOMFjMN1hMAL23PrmWX2ZHn8zXJ/AlfAkNQANr0EAR6AFw5gEcvQyol+nC/oQlRfRJWZ8spi/GgJ5E8p5ec5+dYMkW11bZtQX/wX/QwMVooAj0aoim1WADxHsx4oXf4XdoABqABqABaKBfA0WgB+f2Oxf+gX+gAWgAGoAGoAFo4CI1UAR6NUTTarDhIjsQdWMAgQagAWgAGoAGoIGcBopAL1cojkNw0AA0AA1AA9AANAANXLwGikCvhmhaDTZAyBcvZPQB+gAagAagAWgAGuhqoAj04NCuQy/cJ/IiXPWC4NE22Rcmr+Ex79G2DNUtLwRe4YlkfrJ2hXyz2T7UtlXOj3mKdpVykQeve4AGoAFoYKs1UAR6NUTTarBBAGDtADFmMq8A9Ir9oL8kkhtgdgD0kp8my7V36PgYbQyVgfNbPZjLOIRthf+A49rCtXWBGigCPQwo8YBSDDhDQlj3ZD5TRK/YD2NAb8hXPeeL7espe8o1AdCLr58pvkNa+A4agAaggXEaKAK9GqJpNdjA4BB9t1S+seq/K8rg8sTdPHnu+CXI1+7xt1FpP/o+ag4gJEqXqkMt0UZ2qOPRxSCRsFDWc3fzFf8yXAt68r1Zvcxp86tzUf2hfPJF4juuqbbmvmOr/WR9oeqP2im2ix3KHxb0xO47r094KbCxtdOP1k71nVoGPLEr2qq+IP/YNti2Ghs6erJ9NbYfUn2DY4hIQAPQADSwlRooAr1oYoUAGnizkzH5RSZkOucnbwKDyRGdkRG9bLl+4u9AifQd2+ahjPcNeNj8AjOmzRakJuuE/WXqFhvVNltPyvZMPi5DQeAoW31/BjC0fjnay2tB2ZHtJ0pDZWq/2jrtb6uNhE0NYI6EbmXnKJ8g/VZOAOjbcRER+Al+2mYNFIFeDdG0GmwQAWTBQ4OLhakpkGEn88zkmgOI3HGxv4FQiTwmQItst/bq9nh7sn7I2Bvql/PaX3IssU3WM8JHTb4zd/OG67YnUY+1j/2oIexorwPtXMdABG2wP7Qtpl0dG8x56ct3jlWU0sNfAFRdPvYBatAANAAN7KQGikDPToBL/50ED7pwNLhoMEqBU9+FZifzTNocQGTtk3LYNr/sbECG+pbLjZYazRK1L2ewHqkvt9X+yqXJRc1GwEwDYY3tq0CPzh++R0x+MRAcpTPngj8Tx+U6ivJ7v0s0ls/pPjLaSGrApJF6sEW0AhqABqCB3dVAEejVEE2rwQa5QDqTr0CKBpcLBL3k5C820jbYdtpEuzRIyPkeMBn0g66rb1/7qydd0t8jYCbk43qcmwp77Efrmx47D71N902evv7gczoiaNoV2iD1mvNtXyKiJ7rEdncnMvQt+hYayGugCPTg2NixnclZJmENLgGm9huwGgFO2s88wQ/kyQKEBxuJCulyeV/b5iNjEZwk7vvqlBEifz33gh1fdp89uu7On153D28pEBF/jaynAzs+f9MPiaVnfz7Kx22eCHsrAGJUp7ST607bafu5aZN6eCfqKw/m0UMr99wd/VsioFY7x1fcw6fUF1fd+3qZV2zEdieXclLXLY7F4zn8AX/sigaKQK+GaFoNNgQxSOQmLG962JkR9Pgm/VC+Wi4UMNPneN8Al4eUdslRgYaGB5rgQ1pVRqoeE6kKEaxgi8pP5Q6BHqXxACZ2BjgNNsmysd8agBEwkvx6WdVCV0hr29EHOQk7go0dHah+MmWyLcFPqi+sn/2T2qEOATefl45TWfp8239pH4lu3z9roPuLTy4Dakz/iI+wxaQPDUAD26qBItDb1kbDblyw0IDSwK2r+egqwAfwCw1AA9DAVmugCPRqiKbVYAOgQUEDBoTtGhBCdBVLt7iOcR1DA9DALmqgCPR20SEX0aZ4+c4sSdLS3JQlRYBWEWgtqi98JO/80ZvuLdyfV6Sbixg3UCegBBqABsZooAj0aoim1WDDGEcjDS5IaAAagAagAWgAGti0BopAb9PGoj5cINAANAANQAPQADQADYzXQBHo1RBNq8EGCG684OAr+AoagAagAWgAGticBopADx21uY6Cr+FraAAagAagAWgAGpiqgSLQqyGaVoMNU52O9LhQoQFoABqABqABaGATGigCvU0YiDomXgjysl7zAuFRfrQvTL7gJ3jjJ2DNS5dXtc1+KmzVcpAPT6lCA9AANAANbIEGikCvhmhaDTYIRDGYrPNVKGMgpQLQm8MPzdcqZoI7fSGO8aFOj30M5NAANAANQANbrIEi0BPAwbaJus0BOL2+XDekzBTRm8MPc5SR9OW6fbjFg0HSX2gPJjhoABqABrZaA0WgV0M0rQYbGErC90r1C499RIq/i/rE3Tx57vjbq/67pbQffZs0dzFJlC5Vh1qijexQx6MJ3H5D9bb6vqoFPfnerI5S2vzqXFR/ZOv0yFwv6PXYENoqtosd4o8AevfczRttX915fX/yhWzbq/uSztHv8B3dRF/H+RM+sm1Qvg7tzGkGxyf3J3w68TYRaAwagwa2QgNFoIeBMR4Ys3DCoOe/cOEn7wABAiBjLpgAKae94mK4SJXrAUkDSdSHbJsHDt5XEEj22fwCoAZAsn4YaqMFOIE0DUljbEjZLnWLzbedE7hbZZmY25jysa8nQJykYQ20/rT5OzZQO7VfvYbE5qjfpG3Y9l4X8Fk8XsEf8Ac0sAwNFIFeDdG0GmyQiyULOHqStzAlIDBmki4EvSwASt3etiby2EKJtO+Qzlt7dXt8OVk/SD0jttkyhmwY8lHqvO6fEbYdjkhvQU4gmUGNYdX41wNsFuRSdo+xFWkAf9AANAANLFoDRaAXAAAiYhFl4USDgQajFLT0+XLkZJ8Duqx9Uifb5pczdTTJn2+iTu1yJy9Dc9QtXnYcrEfq69nmyhi0YRVg0v3TY1PQu+7DTPqc/VwG15fyYxtlpHRchopqjl7qz9gU7Mf5RQ/60MEyojjoZ/SzaKAI9GqIptVggzgzO7lrkNCQsGHQywGg2M8Ru9sEbafN/WsW9kbam/XDBMDIljFkwxAMp87r/hlj44j0Wfup/FREz9TbAK0C6JTdJk/oRxwHyEED0AA0AA14DRSBHiaW+D+GzuQsF5oGgxLQkyiPXT6Vevw2C3RsR88DINo2Hxm7r2HPH8ve46frZ2DMPOBwfNl99ui6O3963T28lU6TBaURNjT9YJZGxUcpYNL9I+n6tr6MzjK2ypO136fh8z39aM83ber23VufXGM/fvHJZQxqyv8Ym+KxCf6AP6CB5WqgCPRqiKbVYEO4gAQAwnKbj8hokNAwNRSdSk1cAmBSh8CCPS7nLXB52GuXXRUQaduo7pBWp+ZYswAAIABJREFUR5buuTuh7Mwyb84P0p4S0KMyUm3VQHq0Fz3tym0NfmqilRGs6v4RG4e2nTbGEDYEeqQZThP5ssfP/kntyG6y8eRN98VTguar7v3jNDQHfQ61CecBy9AANAAN7JwGikAPE8hy/0NA31fS9wLNj950bwH0dm6AxnVWyXUG+MG1tcUaKAK9GqJpNdiAwRiD8YVp4NZVLN1u8QB8YbqBzwAu0MBiNFAEehik5gGc7hKeeSLTLEvC7/P4PeXHrekLieT13OeYah+OrU878C18Cw1AAzVqoAj0aoim1WBDjR0LmzDgQAPQADQADUAD0EAR6EFAEBA0AA1AA9AANAANQAP1aqAI9GqIptVgAwRer8DRN+gbaAAagAaggSVroAj0luw4tB0DBzQADUAD0AA0AA3UroEi0KshmlaDDbV3MuzDQAQNQAPQADQADSxTA0WgB9EsUzSD/S4vE5aXFOMx/sU8xj+oDWgBWoAGoAFoYKMaKAK9GqJpNdggk9uYryFI2p3eAvQ2ehHvtJYwIUBL0AA0AA0UaaAI9DDBxBE9gF7sD+gD/oAGoAFoABqABi5WA0WgV0M0rQYb8i/Z1d+6feJunjx3/N1V/91S2u98uzT3n0vie6z8oXu9PCqRNPX91Duvt98/7YCo/2asTnPI37tVL2zWL2v25VN63WadXx+/r21T7YrS3HZO5x8cEEr94NsQ+T1RZq8d8o1i7Svb1s73eNV3bH3+m9caP396cs/dvNHsT/KF8mmvvUhX9N8wfHuxkxT8D/9DA2UaKAI9OD92fgekZIJlkHDuPkGThwMCjQ6oSfrUNgEjNn+2fl9e57wFPfqtwc7bHeBDg6Sk4/YoiPF1WdtEK2yDhiJbR6rt+lipH+YCPYJpaYf3Y4BH+/tor+nr295PVgMedjv9o9uNfcAaNAANQAPQwAoaKAK9GqJpNdgQQYwAkO4MDScajGhfYEGnT+3rMvx5C1MMCgITiTI6IGFBz+axUCSgp9uYsIv8YW1jH2Xq69hl7dC/E/XZunr9YNtEZSfKlD5NbnUfetuiNiTOH+q2q/Padt7XvtXtxj4GeGgAGoAGoIEVNFAEeslJcAUjdqWcaLLXftAgoSZ5ju7NCHrkxwZy/NKrKbtjn4YPb2+U3y8Bt5GqU15iDL91G82+BpjQv9oPKn0yrTof8tOxRBmp/FE7tB82AHopew51vUoDOi3vA/QwkOe0j+PQBjQADayggSLQqyGaVoMNAiIdkJIO0XCiJvl1gJ7YImDBy8Xejo59BvQYNHREUMMJlWF/S/sSWw0wrU333J3EPXkduxLlhTK0L326ZF1Shrc5+CHVhkSZoT4pR291H/rjURsS5xHRi29z6PWv9jX2MbFBA9AANFCkgSLQw2AdT14dUBJxapDQEED7Otok6VNbA2Vyr19f/gg+7HKqAJACL06v7Gnaox4YSUFSylZbl0pj62ja8dzdfKV9aIR09f7ZdXf+9Lr74pPLscBn8EPkF1/e/dtdG7L61n3o25YqU0c+o3ar/BpSed9E9MQPD2/F/snapnyNNPH1CX/AH9AANLBEDRSBXg3RtBpsCMJR8MRP10p0bA7QE3iSJ2oJyDQodupWDwvI5B+gRp7wbJZi24ctmohbY3vz8AgBSgCWIdAz5YdyxA9kR8fONGAJ4HRAbw4/cH/45W0GPGp32o7Qt+JD2ipQk/MR6FGaqA7TFyr/EOgd3rrKwHv+6E331jFgT/yNLSZsaAAagAbGaaAI9ODkcU6Gn+CnlTVwfMU9fHrdnZ9diSObGjyxD99AA9AANAANZDRQBHo1RNNqsGHlSTzTKSgPYCgaeOuTaxzRw9ItNCGawBZagAaggSkaKAK9KRUhbV6YvOwnS7KprblvC77M+7LUN9X0hUTynl5zn51gyba0X5F/fdcMfAvfQgN1a6AI9GqIptVgA0Ret8jRP+gfaAAagAaggaVqoAj0luo0tBsDBjQADUAD0AA0AA1sgwaKQK+GaFoNNmxDR8NGDEjQADQADUAD0MDyNFAEehDM8gSDPkefQwPQADQADUAD26OBItCrIZpWgw0Q/PYIHn2FvoIGoAFoABpYkgaKQG9JjkJbJwwM8lJk9ZUN+G+C//DaHbwPCxqABqABaGAmDRSBXg3RtBpsEIjpfB1hpk6S8rdmC9DDALVU7aPd0D40AA1UpoEi0Nsa8NiQ0wF6iFrhmoAGoAFoABqABmrSQBHo1RBNq8GG/Et2n7h36Puk/N3TJ+7myXPH33+9ds9JnvAd2SEY1d/L9Wn1d1JZVBJJUy9dDt+xPdpr6tQvX/bfptVpmu+4yndgm+/dBsH68im92E/t0fn18fuZpdsojckf6sr5o9QPvg2R3xNljrND+Um3lf1K386Nvx2s/UTlx37wWsm1G8cRJYAGoAFoABpYQQNFoDc4Ga5g0DaXyRO3BilpP4OEhyb+oL1zBBodUJP0qW0CRmz+bP2+vM55C3r0W9vv7Q6AokFS0nF7upBibZN+ZRs0FNk6Um3Xx0r9MAfoURnXztxrBPFkm/djgEf/+/5tgr0mDfvjdusn6wd7XvyFLSID0AA0AA1AAyUaKAK9GqJpNdggHdABKQEUDScajGhfQ4+kT211Gf68hSmuX8GE2CXbjn0W9Gy9FooE9ATyKH3CLqrP2sY2ZOrr2GXt0L8T9dm6ev1g29TTBvHbmG3UhlQ7+ZgHP70vbUvlkXPY4r94aAAagAaggRU1UAR6YybAJaWJJnvdIRpO1gh65OsGcvySooHIjn0JuIjy+yXgNlJ16m7eaKKRQ/1q4YvTaz8o/yTTqvNRXYkyUvmjdmg/zAR6XKdaIpclebY14VeJ+nF0lNugln1VOSF6mms/jmOwhwagAWgAGpiggSLQqyGaVoMNAiIdkJKO0HCyZtATWw4T0beOfQZIGnhplxeljNlAz9QntnbsEr+lttqX/nwK9KRsacN9iULOAXrch+2yLNUVtSHVTm03n4/zB3tTbcYxDOrQADQADUADK2qgCPQwOcX3DXRASTpFT/Krgp6FBy7H9S79RvBhl1MFBNXDEJxeRb8kajUb6AkQqTqahz+60PP+2XV3/vS6++KTy/HFPYMfIr/48vT9dEO67vSz9EWAyeYhDB2ds761v3N1ih8e3vL3A4qmsI11AX/AH9AANAANJDVQBHo1RNNqsCFM0gqeeClP7pebA/QE1GSZj2CJAEOgqVN3AgID1DTLhndeb5ZiA5CY8xQFIyAZDXo2v9gqfqCLsGNnF/LInwI4HdCbww/cH7J0SvUTmKXtCH2rBxDbhhtn7h16otqAXqMBX4+cU+Uw7AUfUToVTZV0t64y8J4/etO9JQ9/yDlsk4Nass/gK/gKGoAGFqqBItDDgBpH9OAP+IM14IE3AHTJ4HJ8xT18et2dn13BIF3iR+SFfqABaGChGigCvRqiaTXYAMAD4EUamBH03vrkGkf0sHQLjUUaW+iEBR/gOoAGpmugCPTg8OkOT/msu4Qny4r5Zb9UOThW3h+z9MUcoCeRvKfX3GcnuD8P2i7XNnwIH0IDy9RAEejVEE2rwQZcPMu8eNDv6HdoABqABqCB2jVQBHq1Nw724QKEBqABaAAagAaggSVroAj0aoim1WDDkgWEtmMAhQagAWgAGoAG6tVAEeihY+vtWPQN+gYagAagAWgAGoAGikCvhmhaDTbgQsKFBA1AA9AANAANQAM1aqAI9GpsEGzakQvNf21ilnfR4VUUeH8WNAANQAPQwEI1UAR6NUTTarBB4JJfzZH4AoKcr2LLAJX4AkNtF0DtoDfHK1Rq8znswUQIDUAD0MDOaaAI9KoAl4pECdDbkWjiGE0B9HZuMMR4tqDrd8w1jjS4xndEA0WgV0M0rQYb8i/Z9ZEz/rbqE3eTvodK3zb135Cl/fAd2ZGCek3KkG+k6gii/Qar/n6rj5BF31/1ZUTLoyZddI5sjL4T277YOaTzANTWY6KHVD59n1eXI9/rTZQfytX+GapDp83t6/rZDwk7xce0FT936m59ENLk6pTjvp/kW8PiK9tW29dBK5L/5Mx9KrZLv2lfSn3YYsKCBqABaGCxGigCPfwHHP8HnI3oCVQQLPgJmSZtnsgnTMzNxG+ARF28r508cTdfab+iwPbY8rn+TBl87nlbhrc7AIiHnBY47rk7t53Lnj/aa9p4W9UnQCIQ6qEllCnt8XWFsuX40Z5755oqT+BWQEyly+rTtsvmobp1ean0PfZl65V6xGblO9u39veh9n3IT35o+qCFZ9V/Uh+2ix3gB7UIbUAb0MDOa6AI9GqIptVggwym/aDnJ2ANWrRvQSx30a0CFrouKTd1zJ8j+y1wRW1i4FGQxdCl8qTKtnZzmhhGojrETptPjie2U4E5WV+iXOnXwxSMTrAvlCN1pMpj33q/pM4LNLNeTt3NG97v2g7ej33bqVtswHbnB3f0ffyPOPwBfyxVA0Wgt1Sn5dqdBQg9iWsYov2xoKfLyE3SnEYtJcqy3nEb5WsiijGscXtClMjm7y5bBhj09UnULQlcFlp0+3PtoOMaYGw6LsPYOdaP1h5btv/NfamXbu0ye599mTKDblI26P7NlR18B9ALvhzyNc4DaKEBaGDhGigCvRqiaTXYIJPOWkEvN/mLgP35AGF0PIDBCNCz0TkpV299HXJPGW0H67N2p2zSdci+zSfHDVyS75OAKekT22w/+bTdZVMFVlJezj4537cdBL1EfVE71XltB+8joifXI7aI4EAD0AA0sOeKQA8OjC+iDiDIZK+jNRp0aH9sJMqD2H19v5uUT1sLQB4AOultOl0G29YDCkP2+jo1/DFU6Tbq9uu67b4GGH3O2ujb0/HjyZvui6fX3fnTq+59HdGksrgMdW+hLl/8rGxu+tVArYe10Q9g6DqGQE+gTve17jedX/uJ93v6T9uAfUQ5oAFoABpYhAaKQK+GaFoNNgTglck/LPn5JVKepP0ErEGH9hVQhHJ6Lr7OkqJ6aECApIm4PXc3X6enMrvLtHE6AzwegnTUTpZm5V41fY73lQ0CnCGNbZ9uf6Kd1jYppwOP2scpP/aBHtXbaafyk4cnqVuektY2cF8JZIot2g+JtoX+1aAm6bRG/DHb17Yf2B6A3iIG6qAd0Qu26HdoABoYqYEi0MPgE0f0dt0fDGEW3HSkaaTodt1PaN+yrgv0N/obGoAGatZAEejVEE2rwYaaO3hO2zrLsAR2HBnDcuGcfkZZmDSgAWgAGoAG5tJAEejNZcTSy7FLdGHJcOqS4Lojap2laXryFZAX6dcu50ofhi38Fflr3ZpF+VjeggaggYVroAj0aoim1WADJi785wUNQAPQADQADUADNWqgCPRqbBBswoUGDUAD0AA0AA1AA9BAo4Ei0KshmlaDDRATBhRoABqABqABaAAaqFEDRaBXY4NgEy40aAAagAagAWgAGoAGGg0UgV4N0bQabICYMKBAA9AANAANQAPQQI0aKAK9Ght0UTbd3X/Pvez8vRqeduqeP3UPDtWnyeipoIOTqIxnB5dD/tODU/dyP87TlBkfu6j2o14McNAANAANQAPQQH0aKAK9GqJpNdhAwm6gqwU7K3Z7vgG3E3dXPs/FkKeg7fAN92z/PSew16Rvfx8eX3YPGCxVnoU/Qm59jt/1DTjoE/QJNAANQAOb1UAR6KGz2s6yIGd90znPIOchzUObQJ3kbeDuDXd6vM8g+Wz/xD3bb34fcv43GPYeH5jIIIAvRELFl9i2WoUv4AtoABqABpajgSLQqyGaVoMNdMF0QM7Alj3f/NbQlojMKRik9I8PKIrXRAEJApvfdBygh0FrOYMW+hp9DQ1AA9DAeA0UgR4c3Tragpz1TXNe38fnIY+AkIFOLeMKJHZAb9+1gEfpm+VbgF7bD9bv+A3fQAPQADQADSxZA0WgV0M0rQYbSEBdkFP304XzzT18ekmWxTcIegroPPw923/VyX16AD0MYksexNB26B8agAaggbwGikAPjm0dOy6i5x/WOH7VPdZP0KrIXeTTAIAK9HQUL3NvX1SGRAexxX170AA0AA1AA9DA4jRQBHo1RNNqsIHAahLoHe3xEuxLisrRRZcBtjbyp0DPXKRUr32IA6DXAjh8AV9AA9AANAANLFkDRaC3ZMfZtk8Fvea+vPYBjAbq2t/Nef+ghY7iAfQW99+Y1Rp+Y9KCBqABaAAaGKuBItCrIZpWgw3k7MmgF/K0D2U0sCcPbCjo46Xe9NO1iOjhYh97sSMdtAINQAPQwPI0UAR6EMzyBIM+R59DA9AANAANQAPbo4Ei0KshmlaDDRD89ggefYW+ggagAWgAGliSBopAb0mOQlsxMEAD0AA0AA1AA9DAtmmgCPRqiKbVYMO2dTrsxUAFDUAD0AA0AA0sQwNFoAeRLEMk6Gf0MzQADUAD0AA0sJ0aKAK9GqJpNdgA8W+n+NFv6DdoABqABqCBXddAEejtunPQPgwA0AA0AA1AA9AANLDNGigCvRqiaTXYsM0CgO0YwKABaAAagAaggd3VQBHoQRgVCuP4svvs0XV3/uhN99bx/rSvSNy66s6fXnXvT81nvtYBXVSoC/TRtGsB/oK/oAFoYEc0UAR6NUTTarBBwOb9s+vu/OzK+i4OD3FffHI5X0cFoLd2P+zIxSe6wRZgDA1AA9AANLAuDRSB3rqM2tZy1w44Y0CvBIJmiuit3Q8lbUTe/D8J8A18Aw1AA9DAzmmgCPRqiKbVYAODzdPr7rzz55dBT950Xzy96j775FqT5uyKkzy90Tm54CRK1yk/XqKVMtmO3NLt8RX3MCrnmvvsxC/xWtDj3yZKafOrCGZUf1QHloO39Z8X2I0oAzQADUAD262BItBD58edz6CjwCf4h0HPA5OHJwK8twj8ckAmkKe3IyN62XI9pGXhUoMe7ysIJDtsfgFQ0+asH3RbsL9z/zUGvaNv0bfQADQADVSjgSLQqyGaVoMNMsFlAYdBz0OThakNgl4WAOWC9LY1kUcDeZSGzlt7dXt8OVk/SD3YVjMAiHaxjf9pgz/gD2gAGtgVDRSB3q44Ya52ZAGnEtDL2ifgxdDml6BNlI58xKAYLcnKcnW8NDtYj9SHLYAPGoAGoAFoABpYqwaKQK+GaFoNNggoZgGnEtAbG9F7P7Mkm4zoJS7QrB8SacV32OK/Z2gAGoAGoAFoYH4NFIEeOiTukCbiFUe32Edzgd7RXvMQh10+NQCVBTq247obdY+ePHShI3v2Hj1Tr+gh64dMesmHbawn+AP+gAagAWgAGijVQBHo1RBNq8GG0AkSCQvLm/qp2xnu0SNQEgCTOgT67HE5b1+A7GGvfUJY3Ytn77cLaRW8purRMMg2+pc252wA8K01TB/0CD/Dz9AANAANLF4DRaCHCQX/aUAD0AA0AA1AA9AANFCvBopAr4ZoWg02QOD1Chx9g76BBqABaAAaWLIGikBvyY6bs+388EJY5pQnWdXWLo0iFL/4UPyc+kNZmAShAWgAGthdDRSBXg3RtBpswAWyuxcI+hZ9Cw1AA9AANLDNGigCvW1uOGzHhQsNQAPQADQADUADu66BItCrIZpWgw27LhK0DwMhNAANQAPQADSwnRooAj10+nZ2OvoN/QYNQAPQADQADSxDA0WgV0M0rQYbcLEs42JBP6OfoQFoABqABrZNA0Wgt22NXZu9x5fdg/333MvO3xvu9HjfHR6/6h7zuRN3l377p2bv7r/nnh1cdoch/6l7cNiePz04dS/3X23ShzS2Hjkvdejzvv5VntI9fMM9E/um5g+2FtQ/tU6kD7oSfY3dNk99q5diw5er+fKVM/fpbec+PTmdnP+da87dv3Zvcr6xfbxt6dgft5+4d9R4mWwD+/y5u/lKO24m00HT9Wrr+J67c3sB+p8wPsw9HhSBXg3RtBps0AMLwVuAMxlcPOg92z91jw/aAcmCHp1n8PP5UqCnz+t6BSZD+QG2PAiKLWO3NYOe/wJJ9lNuY9u45nTb8s3frQc9P1Hceb29tqJrY45+HgMUEwZya98sA/sm/DDky5lsqB70Xn/i7o8B0SF/rfP8TH1htTr7b29nzf/ovHby3N2/ceZeG/rHo68/J4wPs4wHypYi0Ju9w5Vh21p2H+g9PqAoWRvl6oDewRvu8X4b9SsCvaM91+Rv69tWn3bsBujV+9/5RVzDm5jQxoBeQdtnGdg34YehNm7ahjX3S2fskfYD9BY1Bs0CeqKdEdtZxgNVTxHo1RBNq8EGPRj0gx4t8bbLs13Qu+zomETlikBPooi0NKw6vG+/qU8v/fqlZZ3fR/raZeoYJJv2SxnxOapb2qzTZaOUul7a73xLWL1U2n/z961PrrnzszfdZ4+acw9vXXEP+WXU6pu+ttzU70RdD2+piFH4DrC3Qb45fLTn8i/AjpdH43TxOfIVt6XzIm2Vjr9NrHxgXqxN5VPUU5ejo6D6+Ln9JrL4ZKCOPj3xuXDbgmii/UdGbll4fBDf+iD6Hy7bL/nQso/988ugPEBfO3M3bzRp7rwueUYu9/n/wjvl6yVaiUh4G7JLtwwHylYVIbADO/++7VwUpTT5wzlTf2Tr1OXgTnvN8qmxIURhZrKB+yv0panbazJOQ/4c2Zei6ZKtbX+w1ffV8Slr7c5Js4zPUT/Jo/p7UNtk40BfWD8E3Y3tC5vOasW3JdITtVelE51KmqBJsp/Lp75pfNKkUX1ly1flav/01jGyL20ZwVfBTnVdqkit9bG0c5LmjJ+jusV+k4bryfhD+2bsfhHoja1kSekagDHLpX6y4wns4CQszwr0yITHwMMg1eRPgV4LWM3EGSCpM6EmIE1ENWbrl35D+ZTHQ56eiJv2doEuF00UwAvlHpy4lwp+R2mlJ6In8EJQ1oAUAd5lBj8NOb31COQZcAp56PzZm+4tCeMfNzBpy+f6M2XwOQWHjd0W4hScMnD1nE/Y3LT/ujuXehhOVZmiA1u2HKd2afs93EbAK2lT28Q/G40uPOyF2wvsPzcKBlPl2mN+kIwmGZ9GBmo61wz27cSTHHBt2fJ7TOTIT1zJcnmyV5OclOu3bJsf2HnfQoHN7yEganOPH4J2Tb3R8VSZOj2VryefVPpSG6Q+bm8X9Jr+VMfH9IuUSVseb+SfDr2dqLmMfYcBXshG/08F9eVUO1O+1e145czd0feCWn1Q2r6+8OeCVsVu1b9Wh1qjpBt7XsA0aFLar/4p4v6z2payVN1Bl68/if7Z6fS/9klmv2OnSffONaWnhB/IlpzdwU5TZvJ4bnywfdHnjzH1JNIUgV4N0bQabNCdOgh6PPk1g0oS9Hjya6J+KdALgGQ7U8NkCtJs+qHfiTKS8Mbw10YpxRfJtD6iF93DqO0esknOD4GeBxsNWrRvQUxs7Wxz4CP1J7a6LikvdYzPMRga4PKwKBDF4Kchy+RJlm3s5jQCeWSzqUPsPDT5wnHbzh6/J/PwpGomUN3fCY01/0x09ZQsX+zrmdD0AK0nKtoPk5yU07cdM1FnB/ImotFXX2ObjzxmJkKbX7eH/dPjh17/+XZ3yuvzB51LtbfQhmBnCqR8fQEkyIYx/TLUjlXOp+yzPtG+4P086Id2e1um90UDlZFvdP22jWS/1ZluU8rXOk+m7MhunybSra5D2RTlU8etXyb39wr60GOG1J86JudGb1PXC7VV+9W3fbQ/+nylzhWB3ugGqgp3Pc8g6HnYoahYEvT8vXUEdCuDHvmbJ9lupG20/xOT8Ji2SfnbDHoMWRqQEvqVyOG5XlrVYCZLuOYY+8cu+6oyBPQa+GphMIr45YDLROySMJhoSx/ocRnKPmrvWGBOakDrSu+LXZl/HERXyW1m0qG0eoDWgyftRxOQ1J/bjpkwcgN5j33SHrbNLwNGkzXZ48ttl43UMpOOgoyoR+rrbHO2G39oO8WeyI8lNui6UkCQKntMv+hyNxTRY59oe3l/JOiN6YuMJiLt6Pq1D+S6UMvO0pf6ARPua4FBqU/0lvG7vt56I4rGHq5LytbnfBta+yYu1ad0pMunfU6jrinyi7Tbp43aZfOP/Z3p11TZWX+MrcukKwK9GqJpNdigB81RMOSXZ3Og1zxB+4a7m3i9yqiIHnWyn0T1Mqu2c3A/MQknJ+7MxJxMuysRPY6AtRBGvkxBVeoY+91E55J9wXWo+++eDtdngS1bvxkEbD6xJ4JLrym693Es6DX/bCCiJ6AWAZHpgzCw8wRq7s3zSzl9+RtdJaI6ph7p29Q22JDJwxOSun8p2a4euEjVmT2WmqBTZWeAI1tupm2T06fso7L1ZK7t5f2RoDdi6Y77SsOIrkvamDom58h+nV+Oqy3XoWFQp8+UHWkokybl6yif2GDhko5P7e+h9InrLQVeqWOpdvQe09qQNgp0a9+O6P/eelTZkq4I9KQQbNsXSI4CPYaoE363HoNbAqru0qtY9rvv0RsNeqVP3SZs6tyj59NES7FeZGsFPQGrRNRNR+M06ND+aEDxS5znqWhceEjC3i933dn0HVBSFyDblrBfrqVBey1sept1G3X7pdzkNrN0a21s2jPFj827HbVmm+vDR5qzGpu6dOtv9k5EBPQArScT2h8EJ9VfEp3ozZMZyMnnDSTlJ3ptm0QYougMg0U+P/dramLUbaD9EE1W+pU0XEcXMkUzbKOakJo2GT+OsUHq69tmQCryk5+kJ90Y31fnlHMJQNB9wDrRoMP7A/2n6+/ri4SP2S/24Z1EOunLQT2PsNfqodGtaqNuv25bYj/qVznv84drTtpjH76R+5OfXndhRSSU4ccGpdvgA0pjryvRlE1v00n5U7be/tAeyct1tn6TvtQPvUQ2S74J2yLQqyGaVoMNEj2zD0q8lFep6PuSpHP8EkIO9ASqAkQFqNI3ENN+/MLkKILn69UT7WjBpCZhsr2z9KEePPH1df3QRnU6IJw+bBQUAAAgAElEQVTyjfiobyswJsuKHppmAT2q15avBxE1sPDS7aM33fv8tO+V+Alnm8482cogJfbzVk2+YULWUb14IBPwkuVjDXnUz72g17FN6lGRQ+uDsytcpq2nV1Mc8dWaVbcTpDSWiRD31kH9JQO0RCA89M0GelSHn3xlGSkM2Oa4nLcDtYBROK8mEzvRhbQaXhP1RDDY44fgv6ArpTXKJ3+dOvSN6vLEsl/munaPb8gPfpAyMn0R6pB0dhsmcrOMpid2P/k3PqTJkWxqJ8nBOmydBb9DH3nNcV/oyVyDDu9PtLOvL4yPPz251zzta98ladJFmox82fap+NC2r/G51oN+mpbym/bp9qf8bG2Ta1ddF/aaa56at/U0D9vRONgBPao3oSut2QBWXP8T9w75XdvgbY/TGRtS7ZNjnX4c8PW1e80/hvral7JW3BaBnggCWzVQrtgR1fkwNQnvSttqb4eHMAtUfRHC6vRTu49hXwt38AV8YTXAEGZgRoBpRgDBuLUZdigCvRqiaTXYsCtivXugoi0cuZu4hGYHC/xebQJJLMOSxuxS6q7oDu3YzGAPP8PPozXAUSgLek1EV0fDRpeHuWC1uWAmvxWBHjp5xwaOaJltByHPLkVGy6bN0mUy9D/TxTbpeglLbLKkqt6HdxH27GKdqaUrWT7Sy3G72PZNtym3TBf8baBi0/Ztqr7cMl7wg1oa3ZRNmXpSS7eAPDXnS4Qz9J295cDcv5rx86R5YcUyikCvhmhaDTZsoqNQh7rAVhQ7fAgfQgPQADQADSxNA0WgtzRnob0YIKABaAAagAagAWhgmzRQBHo1RNNqsGGbOhy2YoCCBqABaAAagAaWo4Ei0INQliMU9DX6GhqABqABaAAa2D4NFIFeDdG0GmyA8LdP+Ogz9Bk0AA1AA9DAEjRQBHpLcNCoNmZfZixfAGi+EPByv31xMJVrP4H2cj9+0rX5uoS8EPmye7CvXzwr+3Je6pDjtFWvS5n6AIN/ArfkZctF9U+1d6np/dO59p17o3S7VJ9l2t28EHWFpx5T7xzL1LGIfvFP2I55QpOf7Ey8nHYRfqpBI/Lk+a6/G2+CJu3Ly3dBi0WgV0M0rQYbtBA6X36gi1m+UEGfNTvYD+/TsaD3bP/UabBKgZ4+r+uVOkL5AT7VlyumDCw1g17mhcKRP6a0dZvT7gDobWKyHzN4XzTobcIPG7lGJkyqF9Jm/fWKbb7257AdoBfmY7k2xowVknZbtkWgty2N3KSdfaD3+OAN90xF2Tqgd/CGe6yifkWgV/qt2zkGkXWVAdDrDE6b1PjcdW1isl/r4D1TRG8Tfpi770rLu5A2A/R2avwo1aDNv9axYl1z4kC5RaBXQzStBhu0UPpBj5Zf2+XZLuhd5uVcicoVgZ5EEQ8uj76om/r00u97UYSR2xm9VLm7PNy0X8roLh1Lm3W6bJTSijf7fdb2ZcL8mbCzN91nj+QFyFfcQ34xsvqGqy3X/Nbfy+U2p8Cy80Jj9e1Q/2Lm6OXLt66684Fv3UbpuXwqU+yn9nTryH3ntrFb5zX5TZu1hvW+1UTUV/z1lDfcafT9426f6/L0Pk/yyZeN+pfncrThubt58sTxdzZvnLl3Tp43+yOXmpooXfdFpvdvt0u0sR3tcW1r6nuZ4TuzFvR8RCv6XqZ9uaparozr17ZOeIkwv4g3tr0zYVkbbjsX2pCCH9uuIc1IdMj3aXLpNmFD5KehOkrOp+oW/Ul/kB9vnLmb15p+kG/Ikv6Cr4ZsGNUX5rvB+juxI/vC6ibyt1w7r+jv0So9WV+kriebRts45AM6vyE/RNeptWuUJm1fOBd9E9iWuYW/i0Cv18Fb6Iw52tMAjFku9dDFAHdwEuBJoOdQf1eWQarJnwK9l+Y+vTDx+jr0+XBulb7QNkl+D3kCouSvpr3dyb2xvXtcAC/Ytsqn1lLg5W1svgfbfNyaPxn2lACv+ej12PvYBkEvBXLiI9qmzlvQu3U1+gB3Y7cCOQWSAoDcnrMrMbjnfOFt0G3u1KFtTuw3fajuK7X/PATA8/1szyfKTF1jPGHJRKvzyCBN5wSeaEJKTCCpcvWxDvToemQ/V65MeKnJkPJqIPJ2RlCQyM/2mDZn/SD29W0Ttts229/aPwKyESzodvXVbc/59kZlUZqEHya1OdyOIv9IttswnlhbUr9z9lFa9mPzRQMBKerLXt/ZOob6oq9+Kit13vbFK2fuzslpOxZwnRrkWniRfsj5Otm2RF81vlF12Hbb35vwg60z9zvlU0rrxxjxEV0TSX/kyt2S40WgV0M0rQYb9IA5CHo8GTaTZxL0eDBron4p0MsOaH6SZQhLQdpUQSbKSMIbw18bpRRfJNMGMFQgrO0ea2MObo72nIY0DUa0r6FH7ExtdRl83tYnUTYLXWL/GNCTtLJlsFNRRw96AnlkR8cuymttk/IsWHLaJsKny0y1X9pMD/9YvUX9yqCnQDDVv2JPzzY3AckgzNCkJzrej6NX2Xb4ekcN3omJicvNHZc2iW0+8hhBHqVJ2St5Xmnv2c36Qerp2yZstG3m3yqSGfksNREmbIzy5OxJlZXxQ1Gbc/UPHc/ZR/mUH7VtvJ8DfVufKkP8FfWFrz8byUzZN9QXHliC9hIAo9smdtE2sk3akqovZZekT20vwg8pO+hYznay0fzDlfRHrtwtOV4Eelos2G8eUx8EPT8ZEpAlQc/fW0cT7MqgR+LjSbgbURvdTwnQG9M2KT8CAnUxdMrYRtCj9gjs+e/lRhA5BvRM/mYJ1oKe+q18KD7mbQb0JkFhquxcv2i40/u+jE7/pso2x/SEGretiUpcNOhl7ZN28KTol1zNpMHt4QlPL8nKfhwdGaxH6ktthyZVn6eBvYStqYkwNdmn6rbHUmVRmoSNk9rsxyS9aiH79h+SSEdj7TM2att4fy7Qo3q8j/iWBFo+1mWn/Gf7wub3S9AW9MJv6wP1Owk2ib4inybTqrIivyfK6OS37Zjqh1zd9njKp0d7Tvex2N6x0Za1hb+LQK+GaFoNNohAaJuc6Oyk6ZdnKS0PUBaqOP0b7u7BqXu576NfNo0Vm63Dp9fLrNrOwf1EfUl4W2JEz/reRt+GQM/D2bmOCCYjequD3iEieu2y1tgJKjEx8XWSOy46UJMwTxIW9vj8cAQyNekMXqdiQ8LG3glLJliZWFMToWrXaDvInlRZdDxhY1Gbpe1Ttzn7jI3aNt4XXw3Vl2hnf180/9CE5cOUfaYvOjrLRPRWBj1TH/d/yq4+X2zAD6N1mbFd97GU1dtXfe2t+FwR6IljsG1fOjkK9BiiTtzjHOgxMJ66x/sFoFf61G0C9A7tPXo+TYBRJfQkFKZA2AKqKqNPV7ws++hN99Zxu/RF6XUka9WlWwtJXM7TnqVfC3Y2yuZBMDxM4dOHKKCAH99P6NtjwS/nF1uXpLN1HO25nM9yfm76UC3N2v6fKaLXAEAc3WKb9OSlJx7eHwYn3S4e0HPLluKzxMSk7YiiLpKHtto2P6FEy0FybAgUuP6EH1RdWS1qGyRSYSNFqhxql53Qot/e9/en3oBPdWQm1WgpXttowdjYqftxrv0OKEmdSgMaAiaB3tS+SPirty8SeuL0+oERfe1I2zLbqC5Jk6gjeQ2Fsau5Lzrqn3X7QWwds034mG01Noofs9f6mLoqTFMEejVE02qwQR6mkGWEdhvfpB5F13iSzET0SCh+Ug0QFaCqvQG5qUcifs0Lk6M6PERNWtYQkaZAj855u9s2du+3a8+JrS0sdEB4RdCzS6fnHvpmAT01eNGSKgEZTbABzAK4NU/2SppokOOImpy/6t7nPOphi+g8DZJ0/5yK4A2BnskvT992o4RiQ/tkcmSn9Hdm2/SX9ON70XsgGy20fUvldvo3U661IQywvATlYUdPVnpA5v1poCfwEZbKBPpkQvNLX+15A1wBfGTZVT2FqW2j9oa0qoxUPQnASfpB+TALegJu0o5r95plKYHLMfVzO6R9ZDtFmlQblB22//g3Q5LkV1uxgfLrNNR++p3wQ7L8ofqnnA995O0UG+YAvcG+aB+UCHrTPqJ2DPVFdJ4eHrnnbt5QmtTXTsovJn+wQ/xAeayP5JrR5amxMnXvb6TnjiZn8IO2JbWv9SbXBm2VvxuA9TqwNqbK3MJjRaC39otxCx26Mz7JgR76JFoS3Jn+Rr+iX6EBaAAa2EkNFIFeDdG0GmzYlcn+7oF6eIMjd92naXelrWhHe7sBfAFfQAPQADSwuxooAj0IY8eEEZaLaaluByHP37cWljn9E7P6d2r5ATqvU+fRkotelpF9vQyFSEVRpCJaghP/6q1aCtvZ6yW1/K19cLt5/97Otr+mawh9Mel6LgK9GqJpNdiAC7tOEEC/oF+gAWgAGoAGlq6BItBbuvPQfgwg0AA0AA1AA9AANFCzBopAr4ZoWg021NzBsA0DEDQADUAD0AA0sFwNFIEehLNc4aDv0ffQADQADUAD0ED9GigCvRqiaTXYAKHXL3T0EfoIGoAGoAFoYIkaKAK9JTqs0+ae9801XxZ41R1mXgocvVw2euI18YLa5Hn1suLwsto2b/PiYvXKlJqemoItk56a6ugO/oP/oAFoABqABkZooAj0aoimXbgNs4JezytNGPTU+cRXLyJwHNH5gAf8dwsNQAPQADQADey2BopAD+JoxEGAlfrM2PSIngI5C2oW9EIEr43qAfR2+2LF9Yb+hQagAWgAGpiqgSLQu/Bo2tGeq8EGDVga+gj0GABHL91OAD2/lKu/bavtmCoEpMfgAQ1AA9AANAAN7J4GikAPgmgE0UbuLrsH+3SPXHNfXIA+D3rNPXP2HjofkUveg6fAL3FeQx71RQN6mfJthBC/cW8HNAANQAPQADSw8xooAr0aomk12BBAj2HsDffAfz7Mgl4azDToKbCzFx+X7c+PiRDa/Pi98xcz/vHavf/E0afoU2gAGijVQBHolVa+M/kPTpoo3sEJL9US4BHUyXb8U7cjQe9ozwW4VADXRPTae/Z2xr+qjWgTBj1oABqABqABaGC8BopAr4ZoWg02HHrQk0he+7sBvnWAXlNmDIYAvfHCxyABX0ED0AA0AA0sQQNFoLcEB41qI4Me3Rt34u4e74f35r30S7hrAb1wT14bwQPoYdAapVdESLGMDw1AA9DAYjRQBHo1RNNqsOEwPCjhocu/W2866NkHKXxEkC5IfY+eXKC+Xrn3rwE9WwZemAz4AQBDA9AANAANLFUDRaC3VKeh3RgwoAFoABqABqABaGAbNFAEejVE02qwYRs6GjZiQIIGoAFoABqABpangSLQg2CWJxj0OfocGoAGoAFoABrYHg0UgV4N0bQabIDgt0fw6Cv0FTQADUAD0MCSNFAEektyFNqKgQEagAagAWgAGoAGtk0DRaBXQzStBhu2rdNhLwYqaAAagAagAWhgGRooAj2IZBkiQT+jn6EBaAAagAagge3UQBHo1RBNq8EGiH87xY9+Q79BA9AANAAN7LoGikBv152zle07PnU3bzh3/8aZe42+0iEvVx6zff2Ju3/7iXtnar4xZS8xzfE9d+e2g0+X2Pdo87SxB/6Cv6CBtWmgCPRqiKbVYIPA1DvXnLt/7d7aOuvQQ9ynJ6f5OioAvbX7YcSAcOE2eGi+efIcoDeiv+QawhbRFWgAGoAG5tVAEeihM+LOWDtcjAG9kkl1poje2v0woo0XagNF8nxE9TWAXv6fkhH9iDEmHmPgD/gDGoAGpmqgCPRqiKbVYANDBS/R0TKd/vPLoK+cuU9vP3FNdKeJ+kme3uicTIQSpYvK9vWoJVopk21QxyNRhOVEsfO5u/mKX+K1oMe/TZTS5lcRzKj+yNaJy8FSry/jzutmCdracLttw2w2iO8LtwA9DMrR9VeoJ5QFPUED0MBUDRSB3tTKdj09Q4YCn9BeBj0PTB5iCPAYAnJAlpoQRkb0suV6QMrCpQY93m8Bitti8wuAmjZn/ZBqkz1m6/W+C7A30gclNtzdf8+9TP69Ojk6BdDDoBzGAat1/J58PcGXuJ6ggekaKAK9GqJpNdggwsvCBcOKhyYLUxsEvSwAyoTjbWsijwbyKA2dt/bq9vhysn6Qenq2lNeCaFSewKW1w5QZ5THnpL82sQXoTR+UNtEvqAP9Ag1AA0vRQBHoLcVJY9uZhYtKQC9rn4AQQ5tf0jVROvJBAy2y5Ku38dLsYD1Sn90KxEXLvgl7bLqErSvbcLTnENHDBDD2mkc6aAUagAZq10AR6NUQTavBBunkLFxUAnpjI3rvCEhZgEpF9CysHe25rB8SacV3sqW8NqIn55Jbu5zs6yixIVnPCNtT+RDRwySQ0gWOQRfQADSwKQ0Ugd6mjNyWerKT+lygJxA1sGyZBTq2owek9DKsPPCgYS8DVbZ/sn4QWDq+7D57dN2dP73uHt4yD1qwDYllY8lrtx5KLRwO2mDLWdPvWuywfYTfmGSgAWgAGliGBopAr4ZoWg02hItFImFh6VE/dTvDPXoEIwJgUodAnz0u5+0LkD3stU8HK6jSoEd1hbRqaTZVj4ZBttG/tDlnQx/oUX62Qy8NO9c+jCEvIVbnbf1jbKA06/rr6EBsVb5eV90od339Ct/Ct9AANLCFGigCvbVNlFvoSPhijeAEPWBwhQagAWgAGoAGVtJAEejVEE2rwQZAHiAPGoAGoAFoABqABmrUQBHo1digbbSJHxwIy5yyzKe2qaVJ/Gez0n8226gP2IzJAxqABqABaGBVDRSBXg3RtBpsWNX5yIcLFxqABqABaAAagAbWqYEi0FunYSgbwr8oDXz3u7/nPvjgr9xHH/2t+/zzs535o/ZQu6h9F+Vb1IvrGhqABqCBzWqgCPRqiKbVYANEu1nRrtPfBEEERH/4R3+wkzBE7aL2AfZ2R7PrvB5QNnQCDWy/BopADwLYfgGgD+M+pIjXrkKe9DW1j9opv7GNNQB/wB/QADSwSxooAr0aomk12LBLglh6WyjatQQfLKWdS+hLtBFQAg1AA30aKAK9voIXee74Vfd4/z33cv/E3T1WX3zIHKdvqj47uOwOjy+7B5yP8sqfKWObnrKVFwbLy5yn2G5f2jwl7wxpP//8Z+NBb+hLIz32zPaJtgk26C+mTGpnTzsGr/PjK+7h0+YrKOdnV7q+PXnTffH0uvvik8vuUO+X1Im8XT/DJ/AJNLBYDRSBXg3RtBpsCJPdwYl7uf8GQ9vjgy7oPds/dfq4BT2GPn8xnh6cupf7p+7BoSpnxIU6G0Dk6sp8ciz4gPJVAHqr+iEAEAPUwJcsJkBW5B/5lN0cr82ZYMOFgJ7oKHwN5ap7X/8T5OGOP4Wn9yUftoudnOw1g9+IWkEDq2mgCPTg9NjpBG4Ecg2kvdoO0D6i9/jgDfds/w136ie6PtAj39J5AkdJP8bfqwLOmLI5zRjQK5mcZ4roreqHSaBX0M5V7RvdTwnbLhT0yB4f3ePondjnjzHo6X05j207jsAX8AU0AA2soIEi0KshmlaDDQ0A0bKtj8BxZE8tvQbQoyXaNko3BHqHtpyeDmZwSL50WX9v94m7efLc8Xdur91zkufTk9Phi0eidKk61BKtlMl1qOMRoHS+l6siZxb05Lu3Ovpl86tzUf2Rrep7vT1+/Px//C/3aZSvfXF18JOpPxy35YrtUp7yB9uZsDt809eWZX+PsSHVZ96GALS23DX/fv/suksu4Q7Ue/rg1+7Fi2/c47vTItyR7gbqQNr4H1f4A/6ABnZDA0WgBxEoEfhlW46+BbDzk5L+fXDS3JfnI3b6Hj29dMu+5TJbMBzjbwsQIY9f4rtPcOEBhABFR3lC2r4JcWREL1uuB5R+OPJQxnYqCCS7bH6BGQVN1I6sH/radrTnAgCNWbrt80XKdlW3to/3FQSO6gcpK2dDwi+6T0I7pZzEtokoyz2jequi1Yl8WftTEb2R+QF6aqwZ6bNsPyD/8D+28BF8tEMaKAK9GqJpNdhAA2qIznlxNJOknxA16PF+E+0LefzDGOsHPQ9NDCEKpqZARg4szEWhoUJPOLnjIY23rYk8GsijOui8tVe3x9uhQSqUbWxMHQ8AVAJ6I3zU2Hfmbt5w3faMsDPYnquL7Y+jmNr3oZ1T6lo1rb/37pweykg9kLFquciHyRgagAaggUENFIFemGyW7mgNct4XzX16/v46c54Aj+7lGwK9pgy1BDzCz1nA0eCiwSgFTn315MDC5NFQoXWStU/ys21+udRE6agcLleWQqNtDDWD9Uh9ZhsASPvLpAntyfnCRx37lmHZPm9/X7pQ11QbdB/7vLpPQjtz5YZ7RHUkT/YnRvQY9MxDGD31DrYZeQcHdvgQEVBoABoQDRSBXg3RtBpsaO6lk0lQb/2yqwG9w0N6KOPVftALr1yZNqlmAUeDi4aADYOehg0RYbQNtp020S4LeyPtzfphABICAGl/5fJkQa+xPbs8rZeWuR7nVoa9nA3Bj+09bdr3oZ25tuE4YAoagAaggZ3QQBHoRRP0ggURLdOKH/RyrAU9PnfC79zL3aPXlDktmkf90US84ugW95MGFw0BI8FJ9zVDlF0+lXb7rYYKnffQg00WgrRt8sCBhj17j56pV+rK+kHS+/vFzp9ec5+dtDAUAGhMPTnICv2QWHr29Ucgym1eEfZyNpioYuOPdpk4tFP8scbtW59cc7Rsy0/WrliP3KP31YPv78TAKzrFFlEXaAAaWLcGikCvhmjahdvggU6/H086rV2+bV6kHKXhBy36Xpg87bUqUmd4h11Y1vTQNyPoyQMR/GQt1SPQJ2AW6pYnVg14etgL+W8rINKgR1AQ0qoyUvVoGKR8HoDaOlR+Pi8v8s2AHqXxACZlBDg1x+U8P+hC+fxfgCvxh/hJR/RsWtsOVZ6Uy9sxNug0VDf99jZsG+gd3v0FP3X74qufTHrdUOSznC9xPGgW/mqvX/gCvtgVDRSB3q44Ae3ABS0a2CQASZ0Xsd26dh5/6B6/+MYB9HCtXsT1gjqhu23WQBHoXXg07WjP1WDDNgsAtscD2FK+Abt17fQRPbxHL9Yrrl/4AxqABoY0UAR6Q4Xj/PYIkO8ZkyXG1HbskuKWL4N98MFfuT/8oz+40KWsdfcFtY/auRXX5/H33YOvvsHLkrf8utoKrcHH2zEmoJ8m91MR6NUQTavBBgxi2wO0Q3313e/+nqNo10XD3pCdq56ndlH7qJ2rloF8u6N39CX6EhrYfQ0UgR4EsvsCWWIfEwRRxIuA6PPPz3bmj9pD7QLk4bpd4nWNNkP3S9VAEeghmoYLZ6kXDtoN7UMD0AA0AA1sgwaKQG8bGggbcSFCA9AANAANQAPQwFI1UAR61UX0+MbtX7sHp+0LcGvsWHr5K178ikFnVm3SU6mPP0zfd3eR1wW/FuUX7kfHdV+Ts/YFbhZP6xB+gV+ggQvRQBHoVTM4qifzXtC7tugvN+mtIjRb/oply9v9g40vMAFWo6FVdFFLHn71SOIfHKvb2a8L/247f83l/nlh3eNFxxcywOP6wj+U0AA0UAR6VUT0/ItUeZI5/Yn7as3w9KPHq0Ek5+PJrnldxNa+D8zDQ25Sx6Cy4UHF67+jp01eF0OaEOBc8R8kaGrDmqrlHxjYgX8OoIFZNFAEelUMwDqaQaC35sjBSqCnJ12e9BLRl20R9NCkvoF2rNQHG7DrIq6HbLRsk9fFGE3wP2FbrPsd1c9FaBZ1Atyhgc1qoAj0qojo8QTio2w99yl1lk1tdIEnRr/s65eiOlGSoz23EmRIRIOjjbTclVmyDelaOyIbpK3evuhzUAyTNJHq5bTuxBr7oXv+MGdD4nhYgtZw3Uln6iA/U3rdFp1/zIQqdaTyHf/Qfe/LX7nX/oS2X7t3/d/3ftDeI/btj3/l3v3pD93hD34ezvNvXbc+9+XXTufnfL/8sft2lObn7jv6PrTjt91rv2zrf5dtmtEGstX7IdKItEH8SzrvuS5Yz6KnF9907x0dc114O3qjvH1ppD9z14W0CdtZ/rvHJLvZSRb+hr8vWgNFoHfRxof69WRkAY4mBz6fgatwXgFJbjksB3qHb7hn+++5l52/U/fg0E/uvswGjhK2yGSXsp9s9BO3ntR5khbYCeW37YjOH+25BvJU3eyXNr2AQ+/9jX0TNtfxi+hhGGtD+Dj9C1/vQHmhjxOTfAMpyn5Kw6BHgEWw1/iewe7LFsSa35TGH/N5AswxwLX5D//kx+6qhj0BPII9gjuBOoJHb+e3P/55qJ+OfeenX7t3Jf3Rniu2IWjCtF/7aeC6yEYDpYyOPpp/IrQGub0j+5DrS+lbtA/QC/oRHWELSIAGoIFSDRSBXhURPZmUBMJSN4b7Ca8zQfm8BAxRNGIq6CkbBjtET74CaZSfjysIM2UmJ2WGPwGmxCSsy/STaeQDO0Hr9Kb+0C6bJ5dOjtsy+XcMJwxsKQCQMnq2Dbx+40K7LLRR3hDlS4OfgNrVj9/miZagTPal3QxqAnIMei04cho6pkBO8oWtyWPhc7IN1C7r24yfGiBuosRa543v4r4I9vrrSac/zF0XIzWR1HDGZm0H9jHRQQPQADSwugaKQK8qxyuQSU5gPCnKkqia3FKTVG5CE5i0UDImoucnNLaN8vsInUykQ5NgEoa0nXpfJk8NAv58WG5NLNcN2cD9nfKX1EdbWTJU5b/QkRptk86n9jWYsL3W3yptiBAKNGdBr11+ZcjKQZlE59Syryz/huVdA23sF3vMRwFDXi6vhcNiG8gHI3wpUVoC4dR10RyT60L9o5Hq55TGyI5UWt1Hfn+UvhL5qhpnYB+ijtAANLBlGigCvaoiejzZeIDTka5EhzSTm5/UUpNUbkLLgV6ijtzkRHUz3Nl6Bybt5CSp25myWZfp6wuRr5TNOn3qPB2zdut03gaBV/aBLdP+1vkn7jdAqO8ClpcAABoeSURBVKCd7WvuzQvLsHSMoatdiu2FLL/MaiN6UX9aqJOlWIFHD5tRGSZPsQ3ULt3/Od9xf427LtifAZibp8OjvkxpjH2eSJuwhzXcB+2JPJHfcR4TLDQADUADkzVQBHpVDcI8CTXw1gCAik5YYRjYiCDKT2YUSUpBEZddMFlRfi6XbVB1SL25sn2kLNjkgSvcT5eahFPt1NE165chG3z6CAh0GR0b5cEQ1RfGppU0JG0XKNE2JCJ6yfvjBMp0XtlnKGvBsGOjgTa5LzCAnb2nz9sU7gm0YCj16u2QDZS2D7qlLO7TcddFdB3IPZ3iY9FG6roYZUcPDEp/yn2bYju2kwf0jlbhQ/gQGli8BopAr4qIngemaElSJicvcJ7AoqVEGwVqJiEp4/Hd5neAKg8wcj5sTT3ZQVZNkiFvalJLpAs2UFtsWzUU+rzd9AqyZPLu9YXAmSznKRiVAcPaqfwQ+/rX7sFd827DGUCvF7YDVKknXuXeOm//UDSN+5FBS5WRehhDLe9GEUQBuXD+V+61H9ADHSOXbsXPfTb4NBbOggatVqjPVT9ROvZjpIVYKwKSotnOdZGqg8rTupS2DEQfxZYogih5sV38RBV0DS1AC9DAZA0UgV5VFx9NOqkJZhVRpKBplXJsHi7XTKY2DX5PFnGkw0RELzo/h39tRG+OMlctw2s1C0g1XBdjIn4eGrPtWNU/yFd2PcF/8B80sPUaKAK9KiJ6XoQc2agd9DiqAdCbHbz0QLQ00KO2MySZKHVF10U26qj6rYno4dpY67Wh/I16Vn+CEb6D77ZNA0Wgt22NHW3vuiJ6GGjX/5/REkGPdDVn5C6n01Wui6EodrgtApA3enzK9Q+Or398gY/h4y3UQBHo1RTRwyCJ/7KgAWgAGoAGoAFoABqINVAEenBm7Ez4A/4gDXz3u7/nPvjgr9xHH/2t+/zzs535o/ZQu6h90Dq0Dg1AA9DAdmigCPQQ0duOTsbFuLl+IggiIPrDP/qDnYQhahe1D7C3OU3h+oWvoQFooEQDRaBXUjHyQri7qAGKeO0q5El/UfuonfIbW1zL0AA0AA3Uq4Ei0KsuosevcUg/fQgR1ivCor6hm/nN++GKypt6o62pn6JdG61/qr0zpQ/t3MRDIDPZvIR+QRt3dJzDNbCIcXVd128R6K3LqMnlhjfrty/5ne2denSB2fLneo2LunhHvcSXbWk+8RW+u6rKmOw39Wkwrl+90DeUNfEpVv4KhbwouO/rEyV2S17/xGb0kmg5d3zP3bnt3P3bT9w7x/vzDxL/f3vn7yrHkcTxP0YP8fT+gcPZgeCcGMGdwdwFNgYZ9GIHTgwXXGQpOKX+D5w9dI6UCuyDl1wshCM7cSZQtI7mqOqunuqa6p7Z7dnd3t1v8Jh9Mz3d1VXfmf5M9fxIT4uOmiM7Xr/+z1Zt7fxaEW5/nYuaxTaop25TP5e8I09iguVW2kjHIPwGv0ED0ECDBppAr4uMXhx8+EWrPPjt9zUNPCieIeiF78G+H+wXHq53fDnwYnDdVbw1wPjr/xjwvv3i9/2AnnpvnX1/YwIg+fLEjFYWQ5b1Uy+gR3ZF6HWB29qN/zFgQQPQADRwUA00gV4XV5xq0OUBZ8/TeDuD3szAvHcw8g4sldG7vnk6PPn5/WAzhZyhM58QWxL3vfeH4+5APWXyvvlxeHJzNTzZE+ixBqLOCPT01xy2Bb0lvnTLzOjJ3cfTwDbrvIxe3H/JS5H3YtM29qPsQQcXxBvTyNBAHxpoAr0uMnoxm8BTtZX7hXgg0t/1tJkWBodxGo6+7+llKHYGPRpkYhtevQJGj79/Nzzzpj4FxGSbhS+eYn03PPk8Tu1yOfo/n7bkdqQOU0Zs+JNMdcY2syxfnMpNNnrTvfKtV2fqdgKO3tSw+cZr1n4crCkOGrC8E8q+QE+0RHEkO3Q8CfRYI1pr6fcIplJH+I7suD7rh71lQGvSgp4cB1tc6CyyoXBcaKBlm609GqoiINpv7WZ91eXxG0AGDUAD0MBqGmgCvW5O1HowsgBHYuHthcE0bVf3O6nMhe1jE+hRWzIgGzsTgAnARQD68vunk2BPYInqTQA2wh2XU7AV2ngzPBaQ0xk9qmPu/0cPhsev1P4Cn2Iz1RH/JtAY109st6DHkDf2wZ1SrsRH2qflvkCP6tYwZ0FPbFiklZI2BfKMTqTuoKOo2agpbUcqp2JSXFeygdf7x8UE9KK9rg0AvXRcFGOwJE4oAz9CA9DADhpoAr0uMnqq03rwzbI9PGDlmRd9wqX9svIVkFg0eCubdDvptzPweWDE6xyImsAStWeBidbp++u87JwFu1hG4NKzKfUh9rFUprR+Yruxm7ZL+9LWZJ9a9kj5fp+gx7ZJHDljF4BIA9AirVQhq3JxIj64+2koZZ/Ff7PLgg2140L3M/jiq+HuV3McqVjM2oCyGMCgAWgAGtiLBppAr6uTt8oohCkplYkg8UTYC1Nlalvcrxn0JFOXpulUG1a8kq1RU3EeGHnryOcT8KH6DTBxbDLQC1O62TSoBb1syjXcs2ehK8Dj+3F6maZ/VdZQNLHYdm23ZAizqeXYlgZegZzbfFpa2pbl3kGP7SAYC5BDU5P/VU/dtoAea7g2Dav1Vitntef974HezHEB0Buz16I3LOETaAAa6FEDTaDXVUaPB6YIVzMgEEAwZktmBjQbtEWDtzeYyjoZoM2UnAdGLtDtGfQCyL0bnvzzh+HLt2oKlexnMMyfzPXsJp+V1k/6pEEv9m0Cl+I7WVYyrjpeBwE99VDGmqA3e7uB0jhrsgX2VgQ9d+pW4oblXq7WtebxG6ABDUADVgNNoGcrO+r/PPgHeOOBb1OZ9jIDW5Y9UdNx3qDVBHoxq+jVOwEjB6rEvxNYogHUABOX1Rk9C4ix/mcW5mI9/LCFzdQV7p/bJqOX9VNl8FKm0bZRgIMlcaiCXopzRSeFtiUODGME7FLX/YvsPXrZBUWpLqPFVLeqM63TdSjQS+953BX2CjbUjotJRk/bo+2k39KX2jFp98H/gEJoABqABlbRQBPodZHRi/AUpmTjU7NmwAsDrn6i1kyrytRbnHa9fxmm4hKQSRYuTcv67bgDsgi1NhBSGQYcPSXqZ9PGp11jWYGxBaAnMBjqoPppOte0I0D4dnqvHPWPITNNrb4ZHpPdxoaJjfrJXA2Sbyk7GKaIE+i5vsiziOznApxc39wO335DL0q2f78P3/45n+oNFwTb31cm+2nNydR/BkBGVxsBncl60abV5Yvh3mgu16Qqn2BKrRPtecslNpgy+rjI+vnowZBBoW1P1ZPst2Xw/yon9Oo5CD6Gj6GBi9RAE+h1dVKhgd9Mh+5sXxw0MSh1nAIXeGiJebxI2DXOBHx2XwtAO2uw8xNy1s+5ixgBQXVP6rn6Bf3q+JzR+TEF7UA7+9JAE+h1kdGLBy9nFFoGfX0SAOidxlVPzLRa2Fp0sAgoSpZNx3/J77i/bTt9A3ZJHSdcJvUz+kEymq7vxdcm0+6WPWGfoD8YqKEBaKBHDTSBXo8dWsUmgN5pgB5BAcHetgAh0/3b7rcAQr777l/D3//xt+P6LwKwnlrOfy+c3i30l/pH/eRjbS6Tvkdfr3KsF/qIujFgQwPQwLlooAn0esronUtA0I/TPrl88slfBsp2HR329gQw1C/qH/UTWj1trSJ+iB80cBkaaAI9iOQyRII4bxdngiDKeBEQvX7949n8UX+oX4C87fSA4wf+ggaggWNqoAn0kNGDeI8pXrQN/UED0AA0AA1AA3UNNIEenFt3LvwD/0AD0AA0AA1AA9DAMTXQBHrdZfT46b62G82PGYxLbNt7RQk9QV19inNP959dov/RZwxA0AA0AA2ctwaaQK8bccjrG/TLZdd61QpBha1/zbovGFr4xcPek6946hkPOlzwcdHNeRUxwHEIDZyFBppAr4uMXoQCzgDxayUaPmm1QNQMJ5cMevGzZbPfo53zJb92oxIr3o7sLAb9877SRnwRX2gAGti3BppAb9/GLapfA8Eu71SbAxKzfWfQYwg9A3BZA/RihnRuenZnX5uYLdIR9jmLK1fEGoMmNAANQAO5BppAr4uMnrwclrJsBH2FbNvke7e2HAOjfHM0LO1XD0g8TfAR2/DqZWGa793q77/+6ft3A31DdrpOfas2Qlj61qx8g1ZDjPnW7DP1rVtuQ++joc7Wnb53+3781i21Y8vp+sSOpZlX9lch66fjLvViCViDBqABaAAagAYyDTSBXjfUrCHNAhwFvAYMabvKtlXuEWsCPWqrBCgMeQraPv9h+NIFuzfD45ur4dqWF8B69TwF+PErC2HPh8/evh9K065V0JMDR8OfrJPlEhvku6fevXlSjyw5Diousp6WJT/qMvidtNDNsYqYICbQADQADRxUA02g10VGTwmGISw+kJFNC85k0mi/rPw+QY/sjfVvFOwQlFkAY1BT4EaDdVj3hoFNZ/euGQwjBIpPeN0IjxOQk3JxOdnuQZ23TupZYAP1YTEsV+IAcMlT8/AH/AENQAPQADTgaaAJ9LwKj7Yu3vdF06JhmtZkgnTWb6O2efeLVQCjCCmSYUpP/qo2BIRkqZ7i5WlcyYTp6VD5bUDvWqZe7Xoz7Zumb9XUrAeOOl7NoLfABmqv6EPxjywrcdB24zdObtAANAANQAPQgK+BJtDrKqPH8BThiqGrDFoBBOO9X2uBnsDJ3FKA0Ewxexm9iWhTNu358ORnkwH0smnGlgnIzW1P7T0d08zeOqlngQ3UJ/a/ymZO+in1MeiV41jcT/bHcowbfAFfQAPQADRwkRpoAr2uBlqGggBvnDHaFG7iJ6Gbe/Yy8IhZpM3mw+A9NLE4G+UdULUpZHvPnbM/Z+Tk4QaGKvVwhmQFbaZP1xP3sVPEKY5swzj9y+059/Rlduj6l9hA5WdAPNlj4pTWpzo+DHr6O9uu7cLvizy5QQ/+1T38Ar9AA5elgSbQ6yKjl03JxqdmTbYoZPD0E7UmS6SmUgPgfTXc/apAT7JwaVrWb6d68CyBG2fqU+7DC9A13m9HbXGGTj+wIaAl0760FDAU2Imw503t2idmCQip3QkYyvSxtKPbWGKDl0UV+9SyCtUJyE0s1f7VeKAc4A8agAagAWjgAjTQBHpdDaQEfGY6dGf7IkR4Gb2d67wAMW3lGwb0CqTVsnnRlyFzW6kDPsdJHBqABqABaODCNdAEel1k9GIAOWsH0DupA5pBzWRfGRaXgLZk9NaK+YWfCLaCdPjqpI4zxPaypukQb8TbaqAJ9GxlZ/P/EtDAYLfKYEewZzOnBO3Z626Mr9NUPCBvlRiczXFrdIJ+YcCDBqABaODB0AR6PWX0EEwc0NAANAANQAPQADQADeQaaAI9ODN3JvwBf0AD0AA0AA1AA9BATxpoAj1k9CDmnsQMW6BHaAAagAagAWgg10AT6MGZuTPhD/gDGoAGoAFoABqABnrSQBPoIaN3JDHzwyKVF0LjpvT1HlJY87U9iMt6cdnVl96xo7+qs2u92O/4sUUMEANowNVAE+j1RKwXYYu8UkS9uLn2dOoxfBLebbfDC6UbDlBuc+0ncPk9fpWXbDfYS3FJTw5zLPcM7eYl2ZMXYDf2paiz+GJteel3udxT/qTfM/Vd5lTW2D6py7y8u9q3ePy4x8yC9zYmm/blL9TrDlLw+5ESCtDj2eixCfTOKqN3/enw29XtcHd91Wdw49c5+FUkNCh575/r6MBkkCnZuPKgujboBQgbP6fngsFavl7ZF5NBMYJQFYBqfWHQyr/IMmmjtP9S0KM2fv5heOJ9hUXqnqsrfpGl1s85nfD2kmbFDiz7PD8iLogLNFDUQBPoLT7hn0IAOgc9DR/8rd61M1grx+hkQU8+hxf9S4O/fc/fqrrfFfQWfkbuugXUSBMt+8/BWdQcfcqPAY0+Aag/p6c1OVfXHOgt+QRhzPjtNd66T/hdHJhWPcbgZ/j5wjXQBHq9ZPReXn09/Pbwo+H24e3wx9XX/Ef/65OF3vaHztwx4IV9ZF9ZpjocCAz1fTrc3oQM4JwNsp2Wk/qXiJCB4AO/SJggyssyEZTQ+gCFYdrRltPbNhvn82GxHfrmL//pDIczWJaAzl1v65Y2NgambDkLtc4Udvb5u8n27aZGObPDvqFvHjs+onjFDGvy08a0IcCo+uhmYbmvZt8leqAy0k/rH73/DKiFbyi/H8K3j98Mj6OeA+DJ+nxps2Z5HerbyAnOng+fyXeR7fRsBDSekq3ZmuoqZNxnQI/1WPNT9BnHvlBOjh2AIKYS9diC39BD7xpoAr1eOjfCUwQvA2YByr4YXsog9vCLIYM9OsmbfbK+Ods80AsA59sgNiZ49GzQA7TzWwYaggsLcGRvAJQP47SuAbOwv4IKhgwFMqZ85gOyx9nOdWoYjHaX1nOdNbgheNEDbQSqNLhGuNH9zwZnZ3vW75uPh3sF2wLdtLx/GCEigzTlH4lJbCPZJOtlKfurfhT9UfOF1FdbSlsGNClLFuAth7Rnb0eYY0BTGbSwz7idY1WDr0cPBltHppkIZ/reu0l5rj+2WYO1FtCLPtKayezU/qV4OHqm8kFH5qJE74vf2cV10cfwE/wEDRxUA02g11NG74+rMbt2HQdzHrhvPhru9CBOAovrEnTROgfm0onK2eaDXsGGRw+GAHofj8HVNm4j+jSwh4ybhg0GHj1IaSCJ++ny13YAjFBVHBAPAXrWF9ZGZyDOQM8DJ+0HW3/t/+iPkLVTgBzry7KIuh7eT5UXSNCxkfKevbJti2WAfAdKS6DG4GTuvfNgqrQ/2VbbRtu9+mh6VsEmw+Wr5+m44P8VfKZj0KtL+6cKiS+Ge5s11vvq3yvFI9mt68bvFGf4B1kwaOBwGmgCvV4CNYEofUKtZHDWBz0FctqGVUGPBq0woIfBfQSKDHhM+2maT08lxt8Z2GVwY7IXBwK90C/9xOuYwfQyY7rf3vYMaCt6SBk98V2CygAKGdgJ7Hk+dGDBtYvaccrKcTXxg8oQShlZSrYps5HqL8EYr7fZvvB/9mRraX+q20Cb2JKWHpzpfTw409slDrT06sq2hyd37bQy27IN6Ffikfql28VvwBs0AA10roEm0Osro1eALC+j5wXFydqlE7uzzc/oFWxYHfQi3JlBSQNPsl366mX0ZFtpyfWrLNEBQC8AywivGaQVMmNZv41Pth7otS+orghXWRu6DP2OcJyypY4Nu4DeJIa2Xfo/xnVjpm7TviVQY3AyGT2v/tL+VLa2jW0L9+Zl4KhBjvdfAJulurS9HjTKdpsVlvXekmLnZV69sliHAR4agAZOQANNoJcGkyN3tJrRIzjghzTUPXqevTHTk2X5pJydZuX76+ihinGqds6GyXZbp7Q1tySo4IGIHhRQ9+PJPXqzWR8FUUva0g9s2MwIA01ug2iiCDbUpgUjZQcDlRpoJVOVso4GNrk8ZdWk39HGVF78ouoUG+eW1DbXE+3VdWb7Wr+Y/6UPLkA4UJjVrXwzWR/bSX33ylZgbHK/nLd/zKT5mbL4/jtvqpXq8rJwCvRK07Rsl5rO5X57dWl7a6BXuECY+FO0IlrS9Usdhftjvbqw7nBTU/A1fA0NlDXQBHonkdGLJ+sAe+MTr5OHMahcArhQTkNfvv+nwy2XPRzoJVjQU69mQKpmncQPd7+Ep2lTPSpjJ+CWtpmpWzXYpSdydQZEwEPtP7m/rWBHyobZOu5f8EMmGrIyX9y/CDfJa19EMAtt+yBaPCmkDFk+dZzsI/tt/d7gr31JkJn5KUL6xE8qFtFPc3Zqv7hlK6BH5Rmq0hOxlF0zD2OQHQxnY+Ytg74IWPrBj7TdgzMFetR2Kqv7q8qEB0TGtqWdtJ+xTbY/s6BoLhBcXxlAn5SRmO5w0TCpS/cXv5EVggaggT1qoAn0cPIqE/S+fJOyTHsUxb5sP6l6Gfi2AK+ZeDCcAhCOejK32WKrx9kLJbkIQRyPGkcbN/x/+HEIPj8tnzeBXi8ZvUsSHQ1Gs1mcGei4JH/t3Fce1AF6O/uvRw1GUHOPH87WzdzWEDN6WXa3x37CJoAoNAANKA00gd5ZDQLKKejXaV2tnEK8kNHrRFMMewbo5rK3ajofkNdJHHG+BshAA4s10AR6yOjhpHcKkAUboVNoABqABqCBS9VAE+hdqtPQb5wwoAFoABqABqABaOAUNADQQ/p3cfr3FAQNG3HihQagAWgAGoAGRg0A9AB6AD1oABqABqABaAAaOFMNNIPe+E4zc4PzmToMVwnjVQJ8AV9AA9AANAANQAN9a6AZ9CTAs++gAvjhagkagAagAWgAGoAGoIGDamA10OOPs+NFogcNnkA2ln1fTSE+iA80AA1AA9DAsTQA0MOVBeAUGoAGoAFoABqABs5UAwC9Mw3ssa4c0C6uWqEBaAAagAaggX40sB7oLfloOKAKV0zQADQADUAD0AA0AA0cTAPrgR4FTT4VhHv1DhZAXDX1c9WEWCAW0AA0AA1AA71pYD3QQ0YPcIcrNGgAGoAGoAFoABroSgPrgd7Ln4YNMnldBbe3qwrYgytdaAAagAagAWjgsBoA6OHKA3AKDUAD0AA0AA1AA2eqAYDemQYWV0yHvWKCv+FvaAAagAaggR41ANAD6OEqDhqABqABaAAagAbOVAOrgR4+gYYrmR6vZGATdAkNQAPQADRwyRpoBr3bu1+GzebDsNn8NPz75gpXBGd6RXDJBwn6jkECGoAGoAFo4FQ10Ax6p9px2I2DFhqABqABaAAagAbOXQMAPWTgkIWFBqABaAAagAaggTPVAEDvTAN77lco6B+uwqEBaAAagAaggXkNAPQAeriKgwagAWgAGoAGoIEz1QBA70wDi6uc+asc+Ag+ggagAWgAGjh3DQD0AHq4ioMGoAFoABqABqCBM9XA/wE3bLsicMBr1QAAAABJRU5ErkJggg==\" alt=\"\"><br></p>', 'abierto', '2021-03-31 00:34:39', 1);

-- --------------------------------------------------------

--
-- Estructura de tabla para la tabla `tm_usuario`
--

CREATE TABLE `tm_usuario` (
  `usu_id` int(11) NOT NULL,
  `usu_nom` varchar(150) COLLATE utf8mb4_spanish2_ci DEFAULT NULL,
  `usu_ape` varchar(150) COLLATE utf8mb4_spanish2_ci DEFAULT NULL,
  `usu_correo` varchar(150) COLLATE utf8mb4_spanish2_ci NOT NULL,
  `usu_pass` varchar(29) COLLATE utf8mb4_spanish2_ci NOT NULL,
  `rol_id` int(11) DEFAULT NULL,
  `fech_crea` datetime DEFAULT NULL,
  `fech_modi` datetime DEFAULT NULL,
  `fech_elim` datetime DEFAULT NULL,
  `est` int(11) NOT NULL
) ENGINE=InnoDB DEFAULT CHARSET=utf8mb4 COLLATE=utf8mb4_spanish2_ci COMMENT='Tabla mantenedor de usuario';

--
-- Volcado de datos para la tabla `tm_usuario`
--

INSERT INTO `tm_usuario` (`usu_id`, `usu_nom`, `usu_ape`, `usu_correo`, `usu_pass`, `rol_id`, `fech_crea`, `fech_modi`, `fech_elim`, `est`) VALUES
(1, 'jorge', 'macuri', 'macuri@hotmail.com', '123456', 1, NULL, NULL, NULL, 1),
(2, 'leydi', 'vicente', 'leydi@hotmail.com', '123456', 2, NULL, NULL, NULL, 1),
(3, 'patito feo', 'macuri', 'macurass@asda.com', '123456', 2, '2021-04-13 00:53:59', '2021-04-22 00:53:59', '2021-04-15 00:53:59', 0),
(4, 'mararita', 'pedergal', 'marga@adsad.com', '123456', 1, '2021-04-21 00:57:14', '2021-04-29 00:57:14', '2021-04-01 00:59:22', 1),
(5, 'peluchin', 'perales', 'peluche@gmail.com', '123456', 2, '2021-04-01 11:50:38', NULL, NULL, 1),
(6, 'ratatutim', 'macuri', 'rata@gmail.com', '123', 2, '2021-04-01 12:36:21', NULL, NULL, 1);

--
-- ndices para tablas volcadas
--

--
-- Indices de la tabla `td_ticketdetalle`
--
ALTER TABLE `td_ticketdetalle`
  ADD PRIMARY KEY (`ticked_id`);

--
-- Indices de la tabla `tm_categoria`
--
ALTER TABLE `tm_categoria`
  ADD PRIMARY KEY (`cat_id`);

--
-- Indices de la tabla `tm_ticket`
--
ALTER TABLE `tm_ticket`
  ADD PRIMARY KEY (`tick_id`),
  ADD KEY `foreing_key_categoria` (`cat_id`),
  ADD KEY `foreing_key_usuario` (`usu_id`) USING BTREE;

--
-- Indices de la tabla `tm_usuario`
--
ALTER TABLE `tm_usuario`
  ADD PRIMARY KEY (`usu_id`);

--
-- AUTO_INCREMENT de las tablas volcadas
--

--
-- AUTO_INCREMENT de la tabla `td_ticketdetalle`
--
ALTER TABLE `td_ticketdetalle`
  MODIFY `ticked_id` int(11) NOT NULL AUTO_INCREMENT, AUTO_INCREMENT=22;

--
-- AUTO_INCREMENT de la tabla `tm_categoria`
--
ALTER TABLE `tm_categoria`
  MODIFY `cat_id` int(11) NOT NULL AUTO_INCREMENT, AUTO_INCREMENT=5;

--
-- AUTO_INCREMENT de la tabla `tm_ticket`
--
ALTER TABLE `tm_ticket`
  MODIFY `tick_id` int(11) NOT NULL AUTO_INCREMENT, AUTO_INCREMENT=19;

--
-- AUTO_INCREMENT de la tabla `tm_usuario`
--
ALTER TABLE `tm_usuario`
  MODIFY `usu_id` int(11) NOT NULL AUTO_INCREMENT, AUTO_INCREMENT=7;

--
-- Restricciones para tablas volcadas
--

--
-- Filtros para la tabla `tm_ticket`
--
ALTER TABLE `tm_ticket`
  ADD CONSTRAINT `foreing_key_categoria` FOREIGN KEY (`cat_id`) REFERENCES `tm_categoria` (`cat_id`),
  ADD CONSTRAINT `tm_ticket_ibfk_1` FOREIGN KEY (`usu_id`) REFERENCES `tm_usuario` (`usu_id`);
COMMIT;

/*!40101 SET CHARACTER_SET_CLIENT=@OLD_CHARACTER_SET_CLIENT */;
/*!40101 SET CHARACTER_SET_RESULTS=@OLD_CHARACTER_SET_RESULTS */;
/*!40101 SET COLLATION_CONNECTION=@OLD_COLLATION_CONNECTION */;
